{"is_price_per_day":false,"has_address":true,"has_overlapping_orders":false,"total_count":8,"order_id":21953825,"error_message":null,"google_tag_params":{"dynx_pagetype":"searchresults","dynx_itemid":null,"dynx_itemid2":"8"},"unpicked_car_ids":[],"recommended_picks_count":5,"cars":[{"id":356429,"orderId":21953825,"carPreviewUrl":"/cars/356429/preview?distance=60&duration=F%C3%BCr+2+Std&ends_at=2019-12-08+20%3A00%3A00+%2B0100&pick_cta=true&price_placeholder=true&searched_address%5Blatitude%5D=48.9927&searched_address%5Blongitude%5D=8.4013&starts_at=2019-12-08+18%3A00%3A00+%2B0100","humanPrice":"24 €","isPricePerDay":false,"friendlyCarPath":"/autovermietung/karlsruhe/seat-leon-sc-356429","carTitle":"Seat Leon SC","probaLevel":"good","shiftedLatitude":49.0048021034387,"shiftedLongitude":8.39862030179282,"isPicked":false,"icon":"","instantBookable":false,"carIsOpen":false,"carIsCompanyCar":false,"carThumbUrl":"https://drivy.imgix.net/uploads/originals/2079a9c84b16ee44c565c5057afec37d.jpeg?auto=format%2Cenhance%2Ccompress&dpr=1&fit=crop&h=210&w=410"},{"id":199122,"orderId":21953825,"carPreviewUrl":"/cars/199122/preview?distance=60&duration=F%C3%BCr+2+Std&ends_at=2019-12-08+20%3A00%3A00+%2B0100&pick_cta=true&price_placeholder=true&searched_address%5Blatitude%5D=48.9927&searched_address%5Blongitude%5D=8.4013&starts_at=2019-12-08+18%3A00%3A00+%2B0100","humanPrice":"27 €","isPricePerDay":false,"friendlyCarPath":"/autovermietung/karlsruhe/volkswagen-golf-6-199122","carTitle":"Volkswagen Golf 6","probaLevel":"low","shiftedLatitude":49.0088450455904,"shiftedLongitude":8.43273767498896,"isPicked":false,"icon":"","instantBookable":false,"carIsOpen":false,"carIsCompanyCar":false,"carThumbUrl":"https://drivy.imgix.net/uploads/originals/9f7d0807df2a7423ca39274ccfd48404.jpeg?auto=format%2Cenhance%2Ccompress&crop=focalpoint&dpr=1&fit=crop&fp-x=0.500749625187406&fp-y=0.398&h=210&w=410"},{"id":615173,"orderId":21953825,"carPreviewUrl":"/cars/615173/preview?distance=60&duration=F%C3%BCr+2+Std&ends_at=2019-12-08+20%3A00%3A00+%2B0100&pick_cta=true&price_placeholder=true&searched_address%5Blatitude%5D=48.9927&searched_address%5Blongitude%5D=8.4013&starts_at=2019-12-08+18%3A00%3A00+%2B0100","humanPrice":"30 €","isPricePerDay":false,"friendlyCarPath":"/autovermietung/karlsruhe/nissan-qashqai-2-615173","carTitle":"Nissan Qashqai+2","probaLevel":null,"shiftedLatitude":49.011016931766,"shiftedLongitude":8.44119429639831,"isPicked":false,"icon":"","instantBookable":false,"carIsOpen":false,"carIsCompanyCar":false,"carThumbUrl":"https://drivy.imgix.net/uploads/originals/5d6551eea5e8a9e4088b4c1dd4293ba7.jpg?auto=format%2Cenhance%2Ccompress&dpr=1&fit=crop&h=210&w=410"},{"id":483441,"orderId":21953825,"carPreviewUrl":"/cars/483441/preview?distance=60&duration=F%C3%BCr+2+Std&ends_at=2019-12-08+20%3A00%3A00+%2B0100&pick_cta=true&price_placeholder=true&searched_address%5Blatitude%5D=48.9927&searched_address%5Blongitude%5D=8.4013&starts_at=2019-12-08+18%3A00%3A00+%2B0100","humanPrice":"37 €","isPricePerDay":false,"friendlyCarPath":"/autovermietung/karlsruhe/ford-focus-cc-483441","carTitle":"Ford Focus CC 2.0, 16 V","probaLevel":"low","shiftedLatitude":49.0041581850158,"shiftedLongitude":8.40660764172796,"isPicked":false,"icon":"","instantBookable":false,"carIsOpen":false,"carIsCompanyCar":false,"carThumbUrl":"https://drivy.imgix.net/uploads/originals/99087b53d0442af9f8df5644cd0c9a9f.png?auto=format%2Cenhance%2Ccompress&dpr=1&fit=crop&h=210&w=410"},{"id":559829,"orderId":21953825,"carPreviewUrl":"/cars/559829/preview?distance=60&duration=F%C3%BCr+2+Std&ends_at=2019-12-08+20%3A00%3A00+%2B0100&pick_cta=true&price_placeholder=true&searched_address%5Blatitude%5D=48.9927&searched_address%5Blongitude%5D=8.4013&starts_at=2019-12-08+18%3A00%3A00+%2B0100","humanPrice":"28 €","isPricePerDay":false,"friendlyCarPath":"/autovermietung/karlsruhe/kia-cee-d-559829","carTitle":"Kia Cee'd","probaLevel":null,"shiftedLatitude":49.0111864874862,"shiftedLongitude":8.42443091475226,"isPicked":false,"icon":"","instantBookable":false,"carIsOpen":false,"carIsCompanyCar":false,"carThumbUrl":"https://drivy.imgix.net/uploads/originals/ba30ffd06eb9e97d973e6fc651f7b52e.jpg?auto=format%2Cenhance%2Ccompress&dpr=1&fit=crop&h=210&w=410"},{"id":262186,"orderId":21953825,"carPreviewUrl":"/cars/262186/preview?distance=60&duration=F%C3%BCr+2+Std&ends_at=2019-12-08+20%3A00%3A00+%2B0100&pick_cta=true&price_placeholder=true&searched_address%5Blatitude%5D=48.9927&searched_address%5Blongitude%5D=8.4013&starts_at=2019-12-08+18%3A00%3A00+%2B0100","humanPrice":"17 €","isPricePerDay":false,"friendlyCarPath":"/autovermietung/waldbronn/toyota-auris-262186","carTitle":"Toyota Auris","probaLevel":"low","shiftedLatitude":48.9229431711602,"shiftedLongitude":8.48482720623147,"isPicked":false,"icon":"","instantBookable":false,"carIsOpen":false,"carIsCompanyCar":false,"carThumbUrl":"https://drivy.imgix.net/uploads/originals/b8f53cbd8c3bf300325024b04f3108d7.jpeg?auto=format%2Cenhance%2Ccompress&dpr=1&fit=crop&h=210&w=410"},{"id":186870,"orderId":21953825,"carPreviewUrl":"/cars/186870/preview?distance=60&duration=F%C3%BCr+2+Std&ends_at=2019-12-08+20%3A00%3A00+%2B0100&pick_cta=true&price_placeholder=true&searched_address%5Blatitude%5D=48.9927&searched_address%5Blongitude%5D=8.4013&starts_at=2019-12-08+18%3A00%3A00+%2B0100","humanPrice":"38 €","isPricePerDay":false,"friendlyCarPath":"/autovermietung/karlsruhe/vw-passat-r-line-tdi-bluemotion-186870","carTitle":"VW Passat R-Line TDI Bluemotion","probaLevel":"low","shiftedLatitude":49.006874738065,"shiftedLongitude":8.35293460362503,"isPicked":false,"icon":"","instantBookable":false,"carIsOpen":false,"carIsCompanyCar":false,"carThumbUrl":"https://drivy.imgix.net/uploads/originals/2bc2536f457ea01e4bb23ed31496aaf4.jpeg?auto=format%2Cenhance%2Ccompress&crop=focalpoint&dpr=1&fit=crop&fp-x=0.425531914893617&fp-y=0.4&h=210&w=410"},{"id":389588,"orderId":21953825,"carPreviewUrl":"/cars/389588/preview?distance=60&duration=F%C3%BCr+2+Std&ends_at=2019-12-08+20%3A00%3A00+%2B0100&pick_cta=true&price_placeholder=true&searched_address%5Blatitude%5D=48.9927&searched_address%5Blongitude%5D=8.4013&starts_at=2019-12-08+18%3A00%3A00+%2B0100","humanPrice":"28 €","isPricePerDay":false,"friendlyCarPath":"/autovermietung/karlsruhe/mercedes-clk-klasse-cabriolet-389588","carTitle":"Mercedes CLK-Klasse Cabriolet 2.0 Benzin mit Autogas: Sparsamer Comfort","probaLevel":"very_low","shiftedLatitude":49.0331935832711,"shiftedLongitude":8.43866664994224,"isPicked":false,"icon":"","instantBookable":false,"carIsOpen":false,"carIsCompanyCar":false,"carThumbUrl":"https://drivy.imgix.net/uploads/originals/08a31959d634950312ea1af219f3889d.jpeg?auto=format%2Cenhance%2Ccompress&crop=focalpoint&dpr=1&fit=crop&fp-x=0.648533007334963&fp-y=0.472&h=210&w=410"}],"humanized_results_count":"Ergebnisse 1-8","filters_disabled":false,"filters":[{"identifier":"instant_bookable","type":"list","multiple":false,"localized_header":"Sofortbuchung","values":[{"localized_label":"Autos, die du sofort buchen kannst, ohne auf die Bestätigung des Autobesitzers zu warten","value":"true","selected":false,"icon_name":"instant","icon_url":null}]},{"identifier":"car_types","type":"grid","multiple":true,"localized_header":"Fahrzeugtyp","values":[{"localized_label":"Kleinwagen","value":"city","selected":false,"icon_name":null,"icon_url":null},{"localized_label":"Limousine","value":"sedan","selected":false,"icon_name":null,"icon_url":null},{"localized_label":"Kombi","value":"family","selected":false,"icon_name":null,"icon_url":null},{"localized_label":"Transporter","value":"utility","selected":false,"icon_name":null,"icon_url":null},{"localized_label":"Van","value":"minibus","selected":false,"icon_name":null,"icon_url":null},{"localized_label":"Geländewagen","value":"four_four","selected":false,"icon_name":null,"icon_url":null},{"localized_label":"Cabriolet","value":"cabriolet","selected":false,"icon_name":null,"icon_url":null},{"localized_label":"Coupé","value":"coupe","selected":false,"icon_name":null,"icon_url":null},{"localized_label":"Oldtimer","value":"antique","selected":false,"icon_name":null,"icon_url":null},{"localized_label":"Camper","value":"campervan","selected":false,"icon_name":null,"icon_url":null}]},{"identifier":"price_max","type":"slider","multiple":false,"localized_header":"Gesamtpreis","value":null,"meta":{"min_value":10,"max_value":150,"step":5,"currency":"EUR"}},{"identifier":"seats_min","type":"radio","multiple":false,"localized_header":"Anzahl an Sitzen","values":[{"localized_label":"Alle","value":null,"selected":true,"icon_name":null,"icon_url":null},{"localized_label":"Mind. 2 Sitze","value":"2","selected":false,"icon_name":null,"icon_url":null},{"localized_label":"Mind. 3 Sitze","value":"3","selected":false,"icon_name":null,"icon_url":null},{"localized_label":"Mind. 4 Sitze","value":"4","selected":false,"icon_name":null,"icon_url":null},{"localized_label":"Mind. 5 Sitze","value":"5","selected":false,"icon_name":null,"icon_url":null},{"localized_label":"Mind. 6 Sitze","value":"6","selected":false,"icon_name":null,"icon_url":null},{"localized_label":"Mind. 7 Sitze","value":"7","selected":false,"icon_name":null,"icon_url":null},{"localized_label":"Mind. 8 Sitze","value":"8","selected":false,"icon_name":null,"icon_url":null},{"localized_label":"Mind. 9 Sitze","value":"9","selected":false,"icon_name":null,"icon_url":null}]},{"identifier":"age_max","type":"radio","multiple":false,"localized_header":"Fahrzeugalter","values":[{"localized_label":"Alle","value":null,"selected":true,"icon_name":null,"icon_url":null},{"localized_label":"Jünger als 5 Jahre","value":"5","selected":false,"icon_name":null,"icon_url":null},{"localized_label":"Jünger als 10 Jahre","value":"10","selected":false,"icon_name":null,"icon_url":null}]},{"identifier":"transmissions","type":"radio","multiple":false,"localized_header":"Getriebe","values":[{"localized_label":"Alle","value":null,"selected":true,"icon_name":null,"icon_url":null},{"localized_label":"Handschaltung","value":"manual","selected":false,"icon_name":null,"icon_url":null},{"localized_label":"Automatik","value":"automatic","selected":false,"icon_name":null,"icon_url":null}]},{"identifier":"energies","type":"list","multiple":true,"localized_header":"Kraftstoff","values":[{"localized_label":"Hybrid- oder Elektroantrieb","value":"ecolo","selected":false,"icon_name":null,"icon_url":null}]},{"identifier":"car_options","type":"list","multiple":true,"localized_header":"Zubehör","values":[{"localized_label":"Kindersitz","value":"baby_seat","selected":false,"icon_name":null,"icon_url":null},{"localized_label":"Navigationsgerät","value":"gps","selected":false,"icon_name":null,"icon_url":null},{"localized_label":"Klimaanlage/AC","value":"air_conditioning","selected":false,"icon_name":null,"icon_url":null},{"localized_label":"Fahrradträger","value":"bike_rack","selected":false,"icon_name":null,"icon_url":null},{"localized_label":"Dachbox","value":"roof_box","selected":false,"icon_name":null,"icon_url":null},{"localized_label":"Tempomat","value":"cruise_control","selected":false,"icon_name":null,"icon_url":null},{"localized_label":"Winterreifen","value":"snow_tire","selected":false,"icon_name":null,"icon_url":null},{"localized_label":"Schneeketten","value":"chains","selected":false,"icon_name":null,"icon_url":null}]},{"identifier":"only_responsive","type":"radio","multiple":false,"localized_header":"Annahmerate","meta":{"help_text_html":"Autobesitzer sind nicht immer zu deinen bevorzugten Zeiten verfügbar.<br><br>Wir empfehlen dir Autobesitzer mit hohen Annahmeraten auszuwählen oder mehrere Anfragen zu verschicken."},"values":[{"localized_label":"Über 30 %","value":"true","selected":false,"icon_name":null,"icon_url":null},{"localized_label":"Alle","value":null,"selected":true,"icon_name":null,"icon_url":null}]}],"car_sharing_toggle":{"enabled":false,"info_message":null},"results_html":"<div class='cobalt-Callout cobalt-Callout--error cobalt-bottom_margin_tight'>\n<div class='high_demand_banner'>\n<div class='high_demand_banner__icon'><svg width=\"24\" height=\"24\" viewBox=\"0 0 24 24\" xmlns=\"http://www.w3.org/2000/svg\"><path d='M14.309091,12.9090909 L15.6727274,12.9090909 L15.6727274,15.4727273 L17.8909092,16.7545455 L17.209091,17.9363636 L14.309091,16.2636364 L14.309091,12.9090909 Z M17.9454546,8.36363636 L5.21818191,8.36363636 L5.21818191,18.3636364 L9.46363646,18.3636364 C9.07272737,17.5363636 8.85454555,16.6090909 8.85454555,15.6363636 C8.85454555,12.1218243 11.7036426,9.27272727 15.2181819,9.27272727 C16.1909092,9.27272727 17.1181819,9.49090909 17.9454546,9.88181818 L17.9454546,8.36363636 Z M5.21818191,20.1818182 C4.209091,20.1818182 3.4000001,19.3636364 3.4000001,18.3636364 L3.4000001,5.63636364 C3.4000001,4.62727273 4.209091,3.81818182 5.21818191,3.81818182 L6.12727282,3.81818182 L6.12727282,2 L7.94545464,2 L7.94545464,3.81818182 L15.2181819,3.81818182 L15.2181819,2 L17.0363637,2 L17.0363637,3.81818182 L17.9454546,3.81818182 C18.9496087,3.81818182 19.7636365,4.63220955 19.7636365,5.63636364 L19.7636365,11.1818182 C20.8909092,12.3272727 21.5818183,13.9 21.5818183,15.6363636 C21.5818183,19.150903 18.7327212,22 15.2181819,22 C13.4818183,22 11.909091,21.3090909 10.7636365,20.1818182 L5.21818191,20.1818182 Z M15.2181819,11.2272727 C12.7831082,11.2272727 10.809091,13.20129 10.809091,15.6363636 C10.809091,18.0727273 12.7818183,20.0454545 15.2181819,20.0454545 C16.3875455,20.0454545 17.5090151,19.5809267 18.33588,18.7540617 C19.1627449,17.9271968 19.6272728,16.8057273 19.6272728,15.6363636 C19.6272728,13.2 17.6545455,11.2272727 15.2181819,11.2272727 Z' fill='#50588C'></path>\n</svg></div>\nOh oh! Diese Tage sind sehr beliebt. Die meisten unserer Autos sind bereits gebucht, warte also nicht zu lange!\n</div>\n</div>\n<div class='picks_results'>\n<div class='pick_result'>\n<a class='car_card_revamp js_picks_car_card' data-car-id='356429' href='/autovermietung/karlsruhe/seat-leon-sc-356429?address=Bahnhofplatz%2C+Karlsruhe%2C+Deutschland&amp;administrative_area=Baden-W%C3%BCrttemberg&amp;city_display_name=Karlsruhe&amp;country_scope=DE&amp;end_date=2019-12-08&amp;end_time=20%3A00&amp;latitude=48.9927&amp;longitude=8.4013&amp;start_date=2019-12-08&amp;start_time=18%3A00' title='Seat Leon SC'>\n<div class='car_card_revamp__header' style='background-image: url(&#39;https://drivy.imgix.net/uploads/originals/2079a9c84b16ee44c565c5057afec37d.jpeg?auto=format%2Cenhance%2Ccompress&amp;dpr=1&amp;fit=crop&amp;h=342&amp;w=608&#39;);'>\n<meta content='https://drivy.imgix.net/uploads/originals/2079a9c84b16ee44c565c5057afec37d.jpeg?auto=format%2Cenhance%2Ccompress&amp;dpr=1&amp;fit=crop&amp;h=342&amp;w=608' itemprop='image'>\n<span class='car_card_revamp__distance' title='&lt;strong&gt;1,4 km entfernt:&lt;/strong&gt;'>\n<span class='cobalt-Icon cobalt-Icon--colorWhite cobalt-Icon--size20'>\n<svg viewBox=\"0 0 24 24\" xmlns=\"http://www.w3.org/2000/svg\">\n  <path d=\"M19 10c0 5.091-5.924 11.073-6.175 11.325a1.165 1.165 0 0 1-1.65 0C10.922 21.073 5 15.091 5 10c0-3.86 3.14-7 7-7s7 3.14 7 7zm-7 3.5a3.5 3.5 0 1 0 0-7 3.5 3.5 0 0 0 0 7z\" />\n</svg>\n\n</span>\n1,4 km\n</span>\n</div>\n<div class='car_card_revamp__main'>\n<div class='car_card_revamp__infos'>\n<div class='car_card_revamp__title'>\nSeat Leon SC\n</div>\n</div>\n<div class='car_card_revamp__pricing'>\n<div class='cobalt-text-titleLarge'>\n24 €\n</div>\n<div class='cobalt-text-sectionHeader'>\nFür 2 Std\n</div>\n</div>\n</div>\n<div class='car_card_revamp__meta'>\n<svg class=\"star_ratings\" viewbox=\"0 0 140 24\"><defs><g id=\"rating_star_star_b2bceff9-1535-4bb9-8f7e-99533cd44e7f\"><path d=\"M6.06665611,22.5077331 L6.06872273,22.5066476 L12.036464,19.3912342 L17.9333439,22.5077331 C18.743641,22.9359749 19.6919959,22.2433263 19.536618,21.3326334 L18.407022,14.7119005 L18.5786579,14.542976 L23.2022817,9.99239397 C23.8601931,9.34771174 23.4969975,8.22402437 22.5900459,8.09154258 L16.0023403,7.12925197 L15.8948163,6.91329961 L12.9910423,1.08130936 C12.5851563,0.254563545 11.4148437,0.254563545 11.0089577,1.08130936 L8.04526325,7.11803351 L7.80513366,7.15326448 L1.40995407,8.09154258 C0.50300248,8.22402437 0.139806938,9.34771174 0.797718291,9.99239397 L5.62277428,14.7204289 L5.58083883,14.9595946 L4.46338196,21.3326334 C4.30800413,22.2433263 5.25635901,22.9359749 6.06665611,22.5077331 Z\"></path></g><linearGradient class=\"star_ratings__gradient\" id=\"rating_star_half_gradient_b2bceff9-1535-4bb9-8f7e-99533cd44e7f\"><stop offset=\"50%\"></stop><stop offset=\"50%\"></stop></linearGradient></defs><use xlink:href=\"#rating_star_star_b2bceff9-1535-4bb9-8f7e-99533cd44e7f\" x=\"0\" y=\"0\" class=\"star_ratings__part\"></use><use xlink:href=\"#rating_star_star_b2bceff9-1535-4bb9-8f7e-99533cd44e7f\" x=\"28\" y=\"0\" class=\"star_ratings__part\"></use><use xlink:href=\"#rating_star_star_b2bceff9-1535-4bb9-8f7e-99533cd44e7f\" x=\"56\" y=\"0\" class=\"star_ratings__part\"></use><use xlink:href=\"#rating_star_star_b2bceff9-1535-4bb9-8f7e-99533cd44e7f\" x=\"84\" y=\"0\" class=\"star_ratings__part\"></use><use xlink:href=\"#rating_star_star_b2bceff9-1535-4bb9-8f7e-99533cd44e7f\" x=\"112\" y=\"0\" class=\"star_ratings__part\"></use></svg>\n<span>\n12\n</span>\n</div>\n</a>\n\n</div>\n<div class='pick_result'>\n<a class='car_card_revamp js_picks_car_card' data-car-id='199122' href='/autovermietung/karlsruhe/volkswagen-golf-6-199122?address=Bahnhofplatz%2C+Karlsruhe%2C+Deutschland&amp;administrative_area=Baden-W%C3%BCrttemberg&amp;city_display_name=Karlsruhe&amp;country_scope=DE&amp;end_date=2019-12-08&amp;end_time=20%3A00&amp;latitude=48.9927&amp;longitude=8.4013&amp;start_date=2019-12-08&amp;start_time=18%3A00' title='Volkswagen Golf'>\n<div class='car_card_revamp__header' style='background-image: url(&#39;https://drivy.imgix.net/uploads/originals/9f7d0807df2a7423ca39274ccfd48404.jpeg?auto=format%2Cenhance%2Ccompress&amp;crop=focalpoint&amp;dpr=1&amp;fit=crop&amp;fp-x=0.500749625187406&amp;fp-y=0.398&amp;h=342&amp;w=608&#39;);'>\n<meta content='https://drivy.imgix.net/uploads/originals/9f7d0807df2a7423ca39274ccfd48404.jpeg?auto=format%2Cenhance%2Ccompress&amp;crop=focalpoint&amp;dpr=1&amp;fit=crop&amp;fp-x=0.500749625187406&amp;fp-y=0.398&amp;h=342&amp;w=608' itemprop='image'>\n<span class='car_card_revamp__distance' title='&lt;strong&gt;2,91 km entfernt:&lt;/strong&gt;'>\n<span class='cobalt-Icon cobalt-Icon--colorWhite cobalt-Icon--size20'>\n<svg viewBox=\"0 0 24 24\" xmlns=\"http://www.w3.org/2000/svg\">\n  <path d=\"M19 10c0 5.091-5.924 11.073-6.175 11.325a1.165 1.165 0 0 1-1.65 0C10.922 21.073 5 15.091 5 10c0-3.86 3.14-7 7-7s7 3.14 7 7zm-7 3.5a3.5 3.5 0 1 0 0-7 3.5 3.5 0 0 0 0 7z\" />\n</svg>\n\n</span>\n2,91 km\n</span>\n</div>\n<div class='car_card_revamp__main'>\n<div class='car_card_revamp__infos'>\n<div class='car_card_revamp__title'>\nVolkswagen Golf\n</div>\n</div>\n<div class='car_card_revamp__pricing'>\n<div class='cobalt-text-titleLarge'>\n27 €\n</div>\n<div class='cobalt-text-sectionHeader'>\nFür 2 Std\n</div>\n</div>\n</div>\n<div class='car_card_revamp__meta'>\n<span class='proba_level very_low'>\n<span class='cobalt-Icon cobalt-Icon--colorEssence cobalt-Icon--size16'>\n<svg xmlns=\"http://www.w3.org/2000/svg\" viewBox=\"0 0 24 24\">\n  <path d=\"m12 20c4.41 0 8-3.59 8-8s-3.59-8-8-8-8 3.59-8 8 3.59 8 8 8zm0-18a10 10 0 1 1 -10 10c0-5.523 4.477-10 10-10zm-1.246 5.447a1.132 1.132 0 0 1 1.151-1.247h.19c.693 0 1.208.557 1.15 1.247l-.515 6.188a.735.735 0 0 1 -.714.662h-.032a.733.733 0 0 1 -.714-.662zm1.246 10.416a1.25 1.25 0 1 1 0-2.5 1.25 1.25 0 0 1 0 2.5z\" />\n</svg>\n\n</span>\nAnnahmerate: niedrig\n</span>\n</div>\n</a>\n\n</div>\n<div class='pick_result'>\n<a class='car_card_revamp js_picks_car_card' data-car-id='615173' href='/autovermietung/karlsruhe/nissan-qashqai-2-615173?address=Bahnhofplatz%2C+Karlsruhe%2C+Deutschland&amp;administrative_area=Baden-W%C3%BCrttemberg&amp;city_display_name=Karlsruhe&amp;country_scope=DE&amp;end_date=2019-12-08&amp;end_time=20%3A00&amp;latitude=48.9927&amp;longitude=8.4013&amp;start_date=2019-12-08&amp;start_time=18%3A00' title='Nissan Qashqai+2'>\n<div class='car_card_revamp__header' style='background-image: url(&#39;https://drivy.imgix.net/uploads/originals/5d6551eea5e8a9e4088b4c1dd4293ba7.jpg?auto=format%2Cenhance%2Ccompress&amp;dpr=1&amp;fit=crop&amp;h=342&amp;w=608&#39;);'>\n<meta content='https://drivy.imgix.net/uploads/originals/5d6551eea5e8a9e4088b4c1dd4293ba7.jpg?auto=format%2Cenhance%2Ccompress&amp;dpr=1&amp;fit=crop&amp;h=342&amp;w=608' itemprop='image'>\n<span class='car_card_revamp__distance' title='&lt;strong&gt;3,54 km entfernt:&lt;/strong&gt;'>\n<span class='cobalt-Icon cobalt-Icon--colorWhite cobalt-Icon--size20'>\n<svg viewBox=\"0 0 24 24\" xmlns=\"http://www.w3.org/2000/svg\">\n  <path d=\"M19 10c0 5.091-5.924 11.073-6.175 11.325a1.165 1.165 0 0 1-1.65 0C10.922 21.073 5 15.091 5 10c0-3.86 3.14-7 7-7s7 3.14 7 7zm-7 3.5a3.5 3.5 0 1 0 0-7 3.5 3.5 0 0 0 0 7z\" />\n</svg>\n\n</span>\n3,54 km\n</span>\n</div>\n<div class='car_card_revamp__main'>\n<div class='car_card_revamp__infos'>\n<div class='car_card_revamp__title'>\nNissan Qashqai+2\n</div>\n</div>\n<div class='car_card_revamp__pricing'>\n<div class='cobalt-text-titleLarge'>\n30 €\n</div>\n<div class='cobalt-text-sectionHeader'>\nFür 2 Std\n</div>\n</div>\n</div>\n<div class='car_card_revamp__meta'>\nKeine Bewertungen\n</div>\n</a>\n\n</div>\n<div class='pick_result'>\n<a class='car_card_revamp js_picks_car_card' data-car-id='483441' href='/autovermietung/karlsruhe/ford-focus-cc-483441?address=Bahnhofplatz%2C+Karlsruhe%2C+Deutschland&amp;administrative_area=Baden-W%C3%BCrttemberg&amp;city_display_name=Karlsruhe&amp;country_scope=DE&amp;end_date=2019-12-08&amp;end_time=20%3A00&amp;latitude=48.9927&amp;longitude=8.4013&amp;start_date=2019-12-08&amp;start_time=18%3A00' title='Ford Focus CC'>\n<div class='car_card_revamp__header' style='background-image: url(&#39;https://drivy.imgix.net/uploads/originals/99087b53d0442af9f8df5644cd0c9a9f.png?auto=format%2Cenhance%2Ccompress&amp;dpr=1&amp;fit=crop&amp;h=342&amp;w=608&#39;);'>\n<meta content='https://drivy.imgix.net/uploads/originals/99087b53d0442af9f8df5644cd0c9a9f.png?auto=format%2Cenhance%2Ccompress&amp;dpr=1&amp;fit=crop&amp;h=342&amp;w=608' itemprop='image'>\n<span class='car_card_revamp__distance' title='&lt;strong&gt;1,31 km entfernt:&lt;/strong&gt;'>\n<span class='cobalt-Icon cobalt-Icon--colorWhite cobalt-Icon--size20'>\n<svg viewBox=\"0 0 24 24\" xmlns=\"http://www.w3.org/2000/svg\">\n  <path d=\"M19 10c0 5.091-5.924 11.073-6.175 11.325a1.165 1.165 0 0 1-1.65 0C10.922 21.073 5 15.091 5 10c0-3.86 3.14-7 7-7s7 3.14 7 7zm-7 3.5a3.5 3.5 0 1 0 0-7 3.5 3.5 0 0 0 0 7z\" />\n</svg>\n\n</span>\n1,31 km\n</span>\n</div>\n<div class='car_card_revamp__main'>\n<div class='car_card_revamp__infos'>\n<div class='car_card_revamp__title'>\nFord Focus CC\n</div>\n</div>\n<div class='car_card_revamp__pricing'>\n<div class='cobalt-text-titleLarge'>\n37 €\n</div>\n<div class='cobalt-text-sectionHeader'>\nFür 2 Std\n</div>\n</div>\n</div>\n<div class='car_card_revamp__meta'>\n<span class='proba_level very_low'>\n<span class='cobalt-Icon cobalt-Icon--colorEssence cobalt-Icon--size16'>\n<svg xmlns=\"http://www.w3.org/2000/svg\" viewBox=\"0 0 24 24\">\n  <path d=\"m12 20c4.41 0 8-3.59 8-8s-3.59-8-8-8-8 3.59-8 8 3.59 8 8 8zm0-18a10 10 0 1 1 -10 10c0-5.523 4.477-10 10-10zm-1.246 5.447a1.132 1.132 0 0 1 1.151-1.247h.19c.693 0 1.208.557 1.15 1.247l-.515 6.188a.735.735 0 0 1 -.714.662h-.032a.733.733 0 0 1 -.714-.662zm1.246 10.416a1.25 1.25 0 1 1 0-2.5 1.25 1.25 0 0 1 0 2.5z\" />\n</svg>\n\n</span>\nAnnahmerate: niedrig\n</span>\n</div>\n</a>\n\n</div>\n<div class='pick_result'>\n<a class='car_card_revamp js_picks_car_card' data-car-id='559829' href='/autovermietung/karlsruhe/kia-cee-d-559829?address=Bahnhofplatz%2C+Karlsruhe%2C+Deutschland&amp;administrative_area=Baden-W%C3%BCrttemberg&amp;city_display_name=Karlsruhe&amp;country_scope=DE&amp;end_date=2019-12-08&amp;end_time=20%3A00&amp;latitude=48.9927&amp;longitude=8.4013&amp;start_date=2019-12-08&amp;start_time=18%3A00' title='Kia Cee&#39;d'>\n<div class='car_card_revamp__header' style='background-image: url(&#39;https://drivy.imgix.net/uploads/originals/ba30ffd06eb9e97d973e6fc651f7b52e.jpg?auto=format%2Cenhance%2Ccompress&amp;dpr=1&amp;fit=crop&amp;h=342&amp;w=608&#39;);'>\n<meta content='https://drivy.imgix.net/uploads/originals/ba30ffd06eb9e97d973e6fc651f7b52e.jpg?auto=format%2Cenhance%2Ccompress&amp;dpr=1&amp;fit=crop&amp;h=342&amp;w=608' itemprop='image'>\n<span class='car_card_revamp__distance' title='&lt;strong&gt;2,67 km entfernt:&lt;/strong&gt;'>\n<span class='cobalt-Icon cobalt-Icon--colorWhite cobalt-Icon--size20'>\n<svg viewBox=\"0 0 24 24\" xmlns=\"http://www.w3.org/2000/svg\">\n  <path d=\"M19 10c0 5.091-5.924 11.073-6.175 11.325a1.165 1.165 0 0 1-1.65 0C10.922 21.073 5 15.091 5 10c0-3.86 3.14-7 7-7s7 3.14 7 7zm-7 3.5a3.5 3.5 0 1 0 0-7 3.5 3.5 0 0 0 0 7z\" />\n</svg>\n\n</span>\n2,67 km\n</span>\n</div>\n<div class='car_card_revamp__main'>\n<div class='car_card_revamp__infos'>\n<div class='car_card_revamp__title'>\nKia Cee&#39;d\n</div>\n</div>\n<div class='car_card_revamp__pricing'>\n<div class='cobalt-text-titleLarge'>\n28 €\n</div>\n<div class='cobalt-text-sectionHeader'>\nFür 2 Std\n</div>\n</div>\n</div>\n<div class='car_card_revamp__meta'>\nKeine Bewertungen\n</div>\n</a>\n\n</div>\n<div class='pick_result'>\n<a class='car_card_revamp js_picks_car_card' data-car-id='262186' href='/autovermietung/waldbronn/toyota-auris-262186?address=Bahnhofplatz%2C+Karlsruhe%2C+Deutschland&amp;administrative_area=Baden-W%C3%BCrttemberg&amp;city_display_name=Karlsruhe&amp;country_scope=DE&amp;end_date=2019-12-08&amp;end_time=20%3A00&amp;latitude=48.9927&amp;longitude=8.4013&amp;start_date=2019-12-08&amp;start_time=18%3A00' title='Toyota Auris'>\n<div class='car_card_revamp__header' style='background-image: url(&#39;https://drivy.imgix.net/uploads/originals/b8f53cbd8c3bf300325024b04f3108d7.jpeg?auto=format%2Cenhance%2Ccompress&amp;dpr=1&amp;fit=crop&amp;h=342&amp;w=608&#39;);'>\n<meta content='https://drivy.imgix.net/uploads/originals/b8f53cbd8c3bf300325024b04f3108d7.jpeg?auto=format%2Cenhance%2Ccompress&amp;dpr=1&amp;fit=crop&amp;h=342&amp;w=608' itemprop='image'>\n<span class='car_card_revamp__distance' title='&lt;strong&gt;9,87 km entfernt:&lt;/strong&gt;'>\n<span class='cobalt-Icon cobalt-Icon--colorWhite cobalt-Icon--size20'>\n<svg viewBox=\"0 0 24 24\" xmlns=\"http://www.w3.org/2000/svg\">\n  <path d=\"M19 10c0 5.091-5.924 11.073-6.175 11.325a1.165 1.165 0 0 1-1.65 0C10.922 21.073 5 15.091 5 10c0-3.86 3.14-7 7-7s7 3.14 7 7zm-7 3.5a3.5 3.5 0 1 0 0-7 3.5 3.5 0 0 0 0 7z\" />\n</svg>\n\n</span>\n9,87 km\n</span>\n</div>\n<div class='car_card_revamp__main'>\n<div class='car_card_revamp__infos'>\n<div class='car_card_revamp__title'>\nToyota Auris\n</div>\n</div>\n<div class='car_card_revamp__pricing'>\n<div class='cobalt-text-titleLarge'>\n17 €\n</div>\n<div class='cobalt-text-sectionHeader'>\nFür 2 Std\n</div>\n</div>\n</div>\n<div class='car_card_revamp__meta'>\n<span class='proba_level very_low'>\n<span class='cobalt-Icon cobalt-Icon--colorEssence cobalt-Icon--size16'>\n<svg xmlns=\"http://www.w3.org/2000/svg\" viewBox=\"0 0 24 24\">\n  <path d=\"m12 20c4.41 0 8-3.59 8-8s-3.59-8-8-8-8 3.59-8 8 3.59 8 8 8zm0-18a10 10 0 1 1 -10 10c0-5.523 4.477-10 10-10zm-1.246 5.447a1.132 1.132 0 0 1 1.151-1.247h.19c.693 0 1.208.557 1.15 1.247l-.515 6.188a.735.735 0 0 1 -.714.662h-.032a.733.733 0 0 1 -.714-.662zm1.246 10.416a1.25 1.25 0 1 1 0-2.5 1.25 1.25 0 0 1 0 2.5z\" />\n</svg>\n\n</span>\nAnnahmerate: niedrig\n</span>\n</div>\n</a>\n\n</div>\n<div class='pick_result'>\n<a class='car_card_revamp js_picks_car_card' data-car-id='186870' href='/autovermietung/karlsruhe/vw-passat-r-line-tdi-bluemotion-186870?address=Bahnhofplatz%2C+Karlsruhe%2C+Deutschland&amp;administrative_area=Baden-W%C3%BCrttemberg&amp;city_display_name=Karlsruhe&amp;country_scope=DE&amp;end_date=2019-12-08&amp;end_time=20%3A00&amp;latitude=48.9927&amp;longitude=8.4013&amp;start_date=2019-12-08&amp;start_time=18%3A00' title='VW Passat'>\n<div class='car_card_revamp__header' style='background-image: url(&#39;https://drivy.imgix.net/uploads/originals/2bc2536f457ea01e4bb23ed31496aaf4.jpeg?auto=format%2Cenhance%2Ccompress&amp;crop=focalpoint&amp;dpr=1&amp;fit=crop&amp;fp-x=0.425531914893617&amp;fp-y=0.4&amp;h=342&amp;w=608&#39;);'>\n<meta content='https://drivy.imgix.net/uploads/originals/2bc2536f457ea01e4bb23ed31496aaf4.jpeg?auto=format%2Cenhance%2Ccompress&amp;crop=focalpoint&amp;dpr=1&amp;fit=crop&amp;fp-x=0.425531914893617&amp;fp-y=0.4&amp;h=342&amp;w=608' itemprop='image'>\n<span class='car_card_revamp__distance' title='&lt;strong&gt;3,9 km entfernt:&lt;/strong&gt;'>\n<span class='cobalt-Icon cobalt-Icon--colorWhite cobalt-Icon--size20'>\n<svg viewBox=\"0 0 24 24\" xmlns=\"http://www.w3.org/2000/svg\">\n  <path d=\"M19 10c0 5.091-5.924 11.073-6.175 11.325a1.165 1.165 0 0 1-1.65 0C10.922 21.073 5 15.091 5 10c0-3.86 3.14-7 7-7s7 3.14 7 7zm-7 3.5a3.5 3.5 0 1 0 0-7 3.5 3.5 0 0 0 0 7z\" />\n</svg>\n\n</span>\n3,9 km\n</span>\n</div>\n<div class='car_card_revamp__main'>\n<div class='car_card_revamp__infos'>\n<div class='car_card_revamp__title'>\nVW Passat\n</div>\n</div>\n<div class='car_card_revamp__pricing'>\n<div class='cobalt-text-titleLarge'>\n38 €\n</div>\n<div class='cobalt-text-sectionHeader'>\nFür 2 Std\n</div>\n</div>\n</div>\n<div class='car_card_revamp__meta'>\n<span class='proba_level very_low'>\n<span class='cobalt-Icon cobalt-Icon--colorEssence cobalt-Icon--size16'>\n<svg xmlns=\"http://www.w3.org/2000/svg\" viewBox=\"0 0 24 24\">\n  <path d=\"m12 20c4.41 0 8-3.59 8-8s-3.59-8-8-8-8 3.59-8 8 3.59 8 8 8zm0-18a10 10 0 1 1 -10 10c0-5.523 4.477-10 10-10zm-1.246 5.447a1.132 1.132 0 0 1 1.151-1.247h.19c.693 0 1.208.557 1.15 1.247l-.515 6.188a.735.735 0 0 1 -.714.662h-.032a.733.733 0 0 1 -.714-.662zm1.246 10.416a1.25 1.25 0 1 1 0-2.5 1.25 1.25 0 0 1 0 2.5z\" />\n</svg>\n\n</span>\nAnnahmerate: niedrig\n</span>\n</div>\n</a>\n\n</div>\n<div class='pick_result'>\n<a class='car_card_revamp js_picks_car_card' data-car-id='389588' href='/autovermietung/karlsruhe/mercedes-clk-klasse-cabriolet-389588?address=Bahnhofplatz%2C+Karlsruhe%2C+Deutschland&amp;administrative_area=Baden-W%C3%BCrttemberg&amp;city_display_name=Karlsruhe&amp;country_scope=DE&amp;end_date=2019-12-08&amp;end_time=20%3A00&amp;latitude=48.9927&amp;longitude=8.4013&amp;start_date=2019-12-08&amp;start_time=18%3A00' title='Mercedes CLK-Klasse Cabriolet'>\n<div class='car_card_revamp__header' style='background-image: url(&#39;https://drivy.imgix.net/uploads/originals/08a31959d634950312ea1af219f3889d.jpeg?auto=format%2Cenhance%2Ccompress&amp;crop=focalpoint&amp;dpr=1&amp;fit=crop&amp;fp-x=0.648533007334963&amp;fp-y=0.472&amp;h=342&amp;w=608&#39;);'>\n<meta content='https://drivy.imgix.net/uploads/originals/08a31959d634950312ea1af219f3889d.jpeg?auto=format%2Cenhance%2Ccompress&amp;crop=focalpoint&amp;dpr=1&amp;fit=crop&amp;fp-x=0.648533007334963&amp;fp-y=0.472&amp;h=342&amp;w=608' itemprop='image'>\n<span class='car_card_revamp__distance' title='&lt;strong&gt;5,31 km entfernt:&lt;/strong&gt;'>\n<span class='cobalt-Icon cobalt-Icon--colorWhite cobalt-Icon--size20'>\n<svg viewBox=\"0 0 24 24\" xmlns=\"http://www.w3.org/2000/svg\">\n  <path d=\"M19 10c0 5.091-5.924 11.073-6.175 11.325a1.165 1.165 0 0 1-1.65 0C10.922 21.073 5 15.091 5 10c0-3.86 3.14-7 7-7s7 3.14 7 7zm-7 3.5a3.5 3.5 0 1 0 0-7 3.5 3.5 0 0 0 0 7z\" />\n</svg>\n\n</span>\n5,31 km\n</span>\n</div>\n<div class='car_card_revamp__main'>\n<div class='car_card_revamp__infos'>\n<div class='car_card_revamp__title'>\nMercedes CLK-Klasse Cabriolet\n</div>\n</div>\n<div class='car_card_revamp__pricing'>\n<div class='cobalt-text-titleLarge'>\n28 €\n</div>\n<div class='cobalt-text-sectionHeader'>\nFür 2 Std\n</div>\n</div>\n</div>\n<div class='car_card_revamp__meta'>\n<span class='proba_level very_low'>\n<span class='cobalt-Icon cobalt-Icon--colorEssence cobalt-Icon--size16'>\n<svg xmlns=\"http://www.w3.org/2000/svg\" viewBox=\"0 0 24 24\">\n  <path d=\"m12 20c4.41 0 8-3.59 8-8s-3.59-8-8-8-8 3.59-8 8 3.59 8 8 8zm0-18a10 10 0 1 1 -10 10c0-5.523 4.477-10 10-10zm-1.246 5.447a1.132 1.132 0 0 1 1.151-1.247h.19c.693 0 1.208.557 1.15 1.247l-.515 6.188a.735.735 0 0 1 -.714.662h-.032a.733.733 0 0 1 -.714-.662zm1.246 10.416a1.25 1.25 0 1 1 0-2.5 1.25 1.25 0 0 1 0 2.5z\" />\n</svg>\n\n</span>\nAnnahmerate: sehr niedrig\n</span>\n</div>\n</a>\n\n</div>\n</div>\n\n<!-- / this popin is rendered once per search results page, but it gets updated live by the JS -->\n<!-- / to toggle some parts of it depending on the currently picked cars. -->\n<div id=\"js_picks_count_help_popin\" class=\"popin js_popin mfp-hide\"><button name=\"button\" type=\"button\" title=\"Schließen\" class=\"mfp-close\"></button><div class=\"popin_header\">Fahrzeug wurde deiner Auswahl hinzugefügt</div><hr class=\"popin_header_hr\"></hr>\n<div class=\"popin_content\"><div class='js_picks_count_help_block js_first_car hide'>\n<p>\nDeine Anmietung beginnt bald.\n<br>\nWir empfehlen dir, <b>mindestens 5 Fahrzeuge</b> auszuwählen, um deine Chancen auf ein verfügbares Fahrzeug zu erhöhen.\n<button class='js_toggle_extra_infos button_as_link' data-target='.js_pick_more_cars_explanations'>\nWarum?\n</button>\n</p>\n<div class='js_pick_more_cars_explanations cobalt-Callout cobalt-Callout--info hide top20'>\n<p>Autobesitzer sind nicht immer verfügbar, um dich zu deiner bevorzugten Uhrzeit zu treffen.</p>\n<p>Je mehr Fahrzeuge du auswählst, desto höher stehen die Chancen, dass ein Autobesitzer deine Anfrage akzeptiert.</p>\n</div>\n<div class='js_picked_cars_summary top20 centered'></div>\n\n</div>\n<div class='js_picks_count_help_block js_proba_warning top20 hide' data-proba-level='low'>\nAchtung: Der Besitzer des Fahrzeugs, das du ausgewählt hast, hat eine Annahmerate von <span class=\"js_toggle_extra_infos\" data-target=\"[data-proba-level=&quot;low&quot;] .js_proba_level_details\"><span class=\"proba_level low\">niedrig</span></span>.\n<span class='js_toggle_extra_infos grey_svg_use cursor_pointer' data-target='[data-proba-level=low] .js_proba_level_details'>\n<svg width=\"14\" height=\"14\"><use xlink:href=\"#svg_misc-info_small\"></use></svg>\n</span>\n<div class='js_proba_level_details callout callout_info top20 bottom20 hide'>\nDer Autobesitzer akzeptiert weniger als 30% der Anfragen.\n</div>\n<p>Wir empfehlen dir, Autobesitzer mit einer hohen Annahmerate zu bevorzugen.</p>\n</div>\n<div class='js_picks_count_help_block js_proba_warning top20 hide' data-proba-level='very_low'>\nAchtung: Der Besitzer des Fahrzeugs, das du ausgewählt hast, hat eine Annahmerate von <span class=\"js_toggle_extra_infos\" data-target=\"[data-proba-level=&quot;very_low&quot;] .js_proba_level_details\"><span class=\"proba_level very_low\">sehr niedrig</span></span>.\n<span class='js_toggle_extra_infos grey_svg_use cursor_pointer' data-target='[data-proba-level=very_low] .js_proba_level_details'>\n<svg width=\"14\" height=\"14\"><use xlink:href=\"#svg_misc-info_small\"></use></svg>\n</span>\n<div class='js_proba_level_details callout callout_info top20 bottom20 hide'>\nDer Autobesitzer akzeptiert weniger als 10% der Anfragen.\n</div>\n<p>Wir empfehlen dir, Autobesitzer mit einer hohen Annahmerate zu bevorzugen.</p>\n</div>\n</div><div class=\"popin_footer\"><button name=\"button\" type=\"submit\" class=\"cobalt-Button cobalt-Button--primary cobalt-Button--fullWidth js_popin_close\">Weitere Fahrzeuge auswählen</button>\n</div></div>\n<div class='js_order_just_persisted hide' data-order-id='21953825'></div>\n","no_results_html":"","minicard_htmls":{"356429":"<div class='js_mini_car_card mini_car_card'>\n<div class='mini_car_card_photos_container' style='background-image:url(&#39;https://drivy.imgix.net/uploads/originals/2079a9c84b16ee44c565c5057afec37d.jpeg?auto=format%2Cenhance%2Ccompress&amp;dpr=1&amp;fit=crop&amp;h=210&amp;w=410&#39;);'>\n<div class='mini_car_card_user_photo'>\n<img alt=\"Eveline L.\" width=\"20\" height=\"20\" srcset=\"https://drivy.imgix.net/uploads/originals/837220d671f1dcaedd272eb7d3ce4498.jpeg?auto=format%2Ccompress&amp;crop=faces&amp;dpr=1&amp;fit=crop&amp;fm=png&amp;h=40&amp;mask=ellipse&amp;w=40 1x, https://drivy.imgix.net/uploads/originals/837220d671f1dcaedd272eb7d3ce4498.jpeg?auto=format%2Ccompress&amp;crop=faces&amp;dpr=2&amp;fit=crop&amp;fm=png&amp;h=40&amp;mask=ellipse&amp;w=40 2x\" src=\"https://drivy.imgix.net/uploads/originals/837220d671f1dcaedd272eb7d3ce4498.jpeg?auto=format%2Ccompress&amp;crop=faces&amp;dpr=1&amp;fit=crop&amp;fm=png&amp;h=40&amp;mask=ellipse&amp;w=40\" />\n</div>\n</div>\n<div class='mini_car_card_header'>\n<div class='mini_car_card_title picks_car_card_title js_mini_car_card_title'>\nSeat Leon SC\n</div>\n<div class='mini_car_card_price'>\n<strong>\n&nbsp;: 24 €\n</strong>\nGesamtpreis\n</div>\n</div>\n<div class='picks_car_card_characteristics'>\n<span class='picks_car_card_spec' itemprop='aggregateRating' itemscope='' itemtype='http://schema.org/AggregateRating'>\n<meta content='5' itemprop='ratingValue'>\n<meta content='5' itemprop='bestRating'>\n<meta content='0' itemprop='worstRating'>\n<svg class=\"star_ratings\" viewbox=\"0 0 140 24\"><defs><g id=\"rating_star_star_0301ea98-2659-4a0d-8070-0df410acb12b\"><path d=\"M6.06665611,22.5077331 L6.06872273,22.5066476 L12.036464,19.3912342 L17.9333439,22.5077331 C18.743641,22.9359749 19.6919959,22.2433263 19.536618,21.3326334 L18.407022,14.7119005 L18.5786579,14.542976 L23.2022817,9.99239397 C23.8601931,9.34771174 23.4969975,8.22402437 22.5900459,8.09154258 L16.0023403,7.12925197 L15.8948163,6.91329961 L12.9910423,1.08130936 C12.5851563,0.254563545 11.4148437,0.254563545 11.0089577,1.08130936 L8.04526325,7.11803351 L7.80513366,7.15326448 L1.40995407,8.09154258 C0.50300248,8.22402437 0.139806938,9.34771174 0.797718291,9.99239397 L5.62277428,14.7204289 L5.58083883,14.9595946 L4.46338196,21.3326334 C4.30800413,22.2433263 5.25635901,22.9359749 6.06665611,22.5077331 Z\"></path></g><linearGradient class=\"star_ratings__gradient\" id=\"rating_star_half_gradient_0301ea98-2659-4a0d-8070-0df410acb12b\"><stop offset=\"50%\"></stop><stop offset=\"50%\"></stop></linearGradient></defs><use xlink:href=\"#rating_star_star_0301ea98-2659-4a0d-8070-0df410acb12b\" x=\"0\" y=\"0\" class=\"star_ratings__part\"></use><use xlink:href=\"#rating_star_star_0301ea98-2659-4a0d-8070-0df410acb12b\" x=\"28\" y=\"0\" class=\"star_ratings__part\"></use><use xlink:href=\"#rating_star_star_0301ea98-2659-4a0d-8070-0df410acb12b\" x=\"56\" y=\"0\" class=\"star_ratings__part\"></use><use xlink:href=\"#rating_star_star_0301ea98-2659-4a0d-8070-0df410acb12b\" x=\"84\" y=\"0\" class=\"star_ratings__part\"></use><use xlink:href=\"#rating_star_star_0301ea98-2659-4a0d-8070-0df410acb12b\" x=\"112\" y=\"0\" class=\"star_ratings__part\"></use></svg>\n<span itemprop='ratingCount'>\n12\n</span>\n</span>\n<span class='picks_car_card_spec' itemprop='vehicleModelDate'>\n2016\n</span>\n<span class='picks_car_card_spec'>\n<span itemprop='vehicleSeatingCapacity'>\n4\n</span>\nSitze\n</span>\n</div>\n\n</div>\n","199122":"<div class='js_mini_car_card mini_car_card'>\n<div class='mini_car_card_photos_container' style='background-image:url(&#39;https://drivy.imgix.net/uploads/originals/9f7d0807df2a7423ca39274ccfd48404.jpeg?auto=format%2Cenhance%2Ccompress&amp;crop=focalpoint&amp;dpr=1&amp;fit=crop&amp;fp-x=0.500749625187406&amp;fp-y=0.398&amp;h=210&amp;w=410&#39;);'>\n<div class='mini_car_card_user_photo'>\n<img alt=\"Felix K.\" width=\"20\" height=\"20\" srcset=\"https://drivy.imgix.net/uploads/originals/00fb923507116d976787b0bf58f02eff.jpg?auto=format%2Ccompress&amp;crop=faces&amp;dpr=1&amp;fit=crop&amp;fm=png&amp;h=40&amp;mask=ellipse&amp;w=40 1x, https://drivy.imgix.net/uploads/originals/00fb923507116d976787b0bf58f02eff.jpg?auto=format%2Ccompress&amp;crop=faces&amp;dpr=2&amp;fit=crop&amp;fm=png&amp;h=40&amp;mask=ellipse&amp;w=40 2x\" src=\"https://drivy.imgix.net/uploads/originals/00fb923507116d976787b0bf58f02eff.jpg?auto=format%2Ccompress&amp;crop=faces&amp;dpr=1&amp;fit=crop&amp;fm=png&amp;h=40&amp;mask=ellipse&amp;w=40\" />\n</div>\n</div>\n<div class='mini_car_card_header'>\n<div class='mini_car_card_title picks_car_card_title js_mini_car_card_title'>\nVolkswagen Golf\n</div>\n<div class='mini_car_card_price'>\n<strong>\n&nbsp;: 27 €\n</strong>\nGesamtpreis\n</div>\n</div>\n<div class='picks_car_card_characteristics'>\n<span class='picks_car_card_spec' itemprop='aggregateRating' itemscope='' itemtype='http://schema.org/AggregateRating'>\n<meta content='5' itemprop='ratingValue'>\n<meta content='5' itemprop='bestRating'>\n<meta content='0' itemprop='worstRating'>\n<svg class=\"star_ratings\" viewbox=\"0 0 140 24\"><defs><g id=\"rating_star_star_b1e27ea3-4eba-45fd-a17c-6d2ab35e108b\"><path d=\"M6.06665611,22.5077331 L6.06872273,22.5066476 L12.036464,19.3912342 L17.9333439,22.5077331 C18.743641,22.9359749 19.6919959,22.2433263 19.536618,21.3326334 L18.407022,14.7119005 L18.5786579,14.542976 L23.2022817,9.99239397 C23.8601931,9.34771174 23.4969975,8.22402437 22.5900459,8.09154258 L16.0023403,7.12925197 L15.8948163,6.91329961 L12.9910423,1.08130936 C12.5851563,0.254563545 11.4148437,0.254563545 11.0089577,1.08130936 L8.04526325,7.11803351 L7.80513366,7.15326448 L1.40995407,8.09154258 C0.50300248,8.22402437 0.139806938,9.34771174 0.797718291,9.99239397 L5.62277428,14.7204289 L5.58083883,14.9595946 L4.46338196,21.3326334 C4.30800413,22.2433263 5.25635901,22.9359749 6.06665611,22.5077331 Z\"></path></g><linearGradient class=\"star_ratings__gradient\" id=\"rating_star_half_gradient_b1e27ea3-4eba-45fd-a17c-6d2ab35e108b\"><stop offset=\"50%\"></stop><stop offset=\"50%\"></stop></linearGradient></defs><use xlink:href=\"#rating_star_star_b1e27ea3-4eba-45fd-a17c-6d2ab35e108b\" x=\"0\" y=\"0\" class=\"star_ratings__part\"></use><use xlink:href=\"#rating_star_star_b1e27ea3-4eba-45fd-a17c-6d2ab35e108b\" x=\"28\" y=\"0\" class=\"star_ratings__part\"></use><use xlink:href=\"#rating_star_star_b1e27ea3-4eba-45fd-a17c-6d2ab35e108b\" x=\"56\" y=\"0\" class=\"star_ratings__part\"></use><use xlink:href=\"#rating_star_star_b1e27ea3-4eba-45fd-a17c-6d2ab35e108b\" x=\"84\" y=\"0\" class=\"star_ratings__part\"></use><use xlink:href=\"#rating_star_star_b1e27ea3-4eba-45fd-a17c-6d2ab35e108b\" x=\"112\" y=\"0\" class=\"star_ratings__part\"></use></svg>\n<span itemprop='ratingCount'>\n2\n</span>\n</span>\n<span class='picks_car_card_spec' itemprop='vehicleModelDate'>\n2011\n</span>\n<span class='picks_car_card_spec'>\n<span itemprop='vehicleSeatingCapacity'>\n5\n</span>\nSitze\n</span>\n</div>\n\n</div>\n","615173":"<div class='js_mini_car_card mini_car_card'>\n<div class='mini_car_card_photos_container' style='background-image:url(&#39;https://drivy.imgix.net/uploads/originals/5d6551eea5e8a9e4088b4c1dd4293ba7.jpg?auto=format%2Cenhance%2Ccompress&amp;dpr=1&amp;fit=crop&amp;h=210&amp;w=410&#39;);'>\n<div class='mini_car_card_user_photo'>\n<img alt=\"Christian H.\" width=\"20\" height=\"20\" srcset=\"https://drivy.imgix.net/uploads/originals/28957f69001a299fffe4fc4018cae5cf.jpeg?auto=format%2Ccompress&amp;crop=faces&amp;dpr=1&amp;fit=crop&amp;fm=png&amp;h=40&amp;mask=ellipse&amp;w=40 1x, https://drivy.imgix.net/uploads/originals/28957f69001a299fffe4fc4018cae5cf.jpeg?auto=format%2Ccompress&amp;crop=faces&amp;dpr=2&amp;fit=crop&amp;fm=png&amp;h=40&amp;mask=ellipse&amp;w=40 2x\" src=\"https://drivy.imgix.net/uploads/originals/28957f69001a299fffe4fc4018cae5cf.jpeg?auto=format%2Ccompress&amp;crop=faces&amp;dpr=1&amp;fit=crop&amp;fm=png&amp;h=40&amp;mask=ellipse&amp;w=40\" />\n</div>\n</div>\n<div class='mini_car_card_header'>\n<div class='mini_car_card_title picks_car_card_title js_mini_car_card_title'>\nNissan Qashqai+2\n</div>\n<div class='mini_car_card_price'>\n<strong>\n&nbsp;: 30 €\n</strong>\nGesamtpreis\n</div>\n</div>\n<div class='picks_car_card_characteristics'>\n<span class='picks_car_card_spec' itemprop='vehicleModelDate'>\n2013\n</span>\n<span class='picks_car_card_spec'>\n<span itemprop='vehicleSeatingCapacity'>\n7\n</span>\nSitze\n</span>\n<span class='picks_car_card_spec' itemprop='vehicleTransmission'>\nAutomatik\n</span>\n</div>\n\n</div>\n","483441":"<div class='js_mini_car_card mini_car_card'>\n<div class='mini_car_card_photos_container' style='background-image:url(&#39;https://drivy.imgix.net/uploads/originals/99087b53d0442af9f8df5644cd0c9a9f.png?auto=format%2Cenhance%2Ccompress&amp;dpr=1&amp;fit=crop&amp;h=210&amp;w=410&#39;);'>\n<div class='mini_car_card_user_photo'>\n<img alt=\"Lee F.\" width=\"20\" height=\"20\" srcset=\"https://d2y2masl4rtrav.cloudfront.net/packs/images/placeholders/user/shaped_xs-283dca0eb799f41ef88313e8c42c1e0e.png 1x, https://d2y2masl4rtrav.cloudfront.net/packs/images/placeholders/user/shaped_xs@2x-ad1cbb7521087afc981d8038a29c20b5.png 2x\" src=\"https://d2y2masl4rtrav.cloudfront.net/packs/images/placeholders/user/shaped_xs-283dca0eb799f41ef88313e8c42c1e0e.png\" />\n</div>\n</div>\n<div class='mini_car_card_header'>\n<div class='mini_car_card_title picks_car_card_title js_mini_car_card_title'>\nFord Focus CC\n</div>\n<div class='mini_car_card_price'>\n<strong>\n&nbsp;: 37 €\n</strong>\nGesamtpreis\n</div>\n</div>\n<div class='picks_car_card_characteristics'>\n<span class='picks_car_card_spec' itemprop='vehicleModelDate'>\n2008\n</span>\n<span class='picks_car_card_spec'>\n<span itemprop='vehicleSeatingCapacity'>\n5\n</span>\nSitze\n</span>\n</div>\n\n</div>\n","559829":"<div class='js_mini_car_card mini_car_card'>\n<div class='mini_car_card_photos_container' style='background-image:url(&#39;https://drivy.imgix.net/uploads/originals/ba30ffd06eb9e97d973e6fc651f7b52e.jpg?auto=format%2Cenhance%2Ccompress&amp;dpr=1&amp;fit=crop&amp;h=210&amp;w=410&#39;);'>\n<div class='mini_car_card_user_photo'>\n<img alt=\"Julia F.\" width=\"20\" height=\"20\" srcset=\"https://drivy.imgix.net/uploads/originals/48eca9f6185f43c195221dc6bfafb3cf.jpeg?auto=format%2Ccompress&amp;crop=faces&amp;dpr=1&amp;fit=crop&amp;fm=png&amp;h=40&amp;mask=ellipse&amp;w=40 1x, https://drivy.imgix.net/uploads/originals/48eca9f6185f43c195221dc6bfafb3cf.jpeg?auto=format%2Ccompress&amp;crop=faces&amp;dpr=2&amp;fit=crop&amp;fm=png&amp;h=40&amp;mask=ellipse&amp;w=40 2x\" src=\"https://drivy.imgix.net/uploads/originals/48eca9f6185f43c195221dc6bfafb3cf.jpeg?auto=format%2Ccompress&amp;crop=faces&amp;dpr=1&amp;fit=crop&amp;fm=png&amp;h=40&amp;mask=ellipse&amp;w=40\" />\n</div>\n</div>\n<div class='mini_car_card_header'>\n<div class='mini_car_card_title picks_car_card_title js_mini_car_card_title'>\nKia Cee&#39;d\n</div>\n<div class='mini_car_card_price'>\n<strong>\n&nbsp;: 28 €\n</strong>\nGesamtpreis\n</div>\n</div>\n<div class='picks_car_card_characteristics'>\n<span class='picks_car_card_spec' itemprop='vehicleModelDate'>\n2019\n</span>\n<span class='picks_car_card_spec'>\n<span itemprop='vehicleSeatingCapacity'>\n5\n</span>\nSitze\n</span>\n</div>\n\n</div>\n","262186":"<div class='js_mini_car_card mini_car_card'>\n<div class='mini_car_card_photos_container' style='background-image:url(&#39;https://drivy.imgix.net/uploads/originals/b8f53cbd8c3bf300325024b04f3108d7.jpeg?auto=format%2Cenhance%2Ccompress&amp;dpr=1&amp;fit=crop&amp;h=210&amp;w=410&#39;);'>\n<div class='mini_car_card_user_photo'>\n<img alt=\"Hermann H.\" width=\"20\" height=\"20\" srcset=\"https://drivy.imgix.net/uploads/originals/57004786ff587d502fa6d6655b0e6fbb.jpg?auto=format%2Ccompress&amp;crop=faces&amp;dpr=1&amp;fit=crop&amp;fm=png&amp;h=40&amp;mask=ellipse&amp;w=40 1x, https://drivy.imgix.net/uploads/originals/57004786ff587d502fa6d6655b0e6fbb.jpg?auto=format%2Ccompress&amp;crop=faces&amp;dpr=2&amp;fit=crop&amp;fm=png&amp;h=40&amp;mask=ellipse&amp;w=40 2x\" src=\"https://drivy.imgix.net/uploads/originals/57004786ff587d502fa6d6655b0e6fbb.jpg?auto=format%2Ccompress&amp;crop=faces&amp;dpr=1&amp;fit=crop&amp;fm=png&amp;h=40&amp;mask=ellipse&amp;w=40\" />\n</div>\n</div>\n<div class='mini_car_card_header'>\n<div class='mini_car_card_title picks_car_card_title js_mini_car_card_title'>\nToyota Auris\n</div>\n<div class='mini_car_card_price'>\n<strong>\n&nbsp;: 17 €\n</strong>\nGesamtpreis\n</div>\n</div>\n<div class='picks_car_card_characteristics'>\n<span class='picks_car_card_spec' itemprop='aggregateRating' itemscope='' itemtype='http://schema.org/AggregateRating'>\n<meta content='5' itemprop='ratingValue'>\n<meta content='5' itemprop='bestRating'>\n<meta content='0' itemprop='worstRating'>\n<svg class=\"star_ratings\" viewbox=\"0 0 140 24\"><defs><g id=\"rating_star_star_38b8409a-1770-4aae-8d37-d8af460b4e3c\"><path d=\"M6.06665611,22.5077331 L6.06872273,22.5066476 L12.036464,19.3912342 L17.9333439,22.5077331 C18.743641,22.9359749 19.6919959,22.2433263 19.536618,21.3326334 L18.407022,14.7119005 L18.5786579,14.542976 L23.2022817,9.99239397 C23.8601931,9.34771174 23.4969975,8.22402437 22.5900459,8.09154258 L16.0023403,7.12925197 L15.8948163,6.91329961 L12.9910423,1.08130936 C12.5851563,0.254563545 11.4148437,0.254563545 11.0089577,1.08130936 L8.04526325,7.11803351 L7.80513366,7.15326448 L1.40995407,8.09154258 C0.50300248,8.22402437 0.139806938,9.34771174 0.797718291,9.99239397 L5.62277428,14.7204289 L5.58083883,14.9595946 L4.46338196,21.3326334 C4.30800413,22.2433263 5.25635901,22.9359749 6.06665611,22.5077331 Z\"></path></g><linearGradient class=\"star_ratings__gradient\" id=\"rating_star_half_gradient_38b8409a-1770-4aae-8d37-d8af460b4e3c\"><stop offset=\"50%\"></stop><stop offset=\"50%\"></stop></linearGradient></defs><use xlink:href=\"#rating_star_star_38b8409a-1770-4aae-8d37-d8af460b4e3c\" x=\"0\" y=\"0\" class=\"star_ratings__part\"></use><use xlink:href=\"#rating_star_star_38b8409a-1770-4aae-8d37-d8af460b4e3c\" x=\"28\" y=\"0\" class=\"star_ratings__part\"></use><use xlink:href=\"#rating_star_star_38b8409a-1770-4aae-8d37-d8af460b4e3c\" x=\"56\" y=\"0\" class=\"star_ratings__part\"></use><use xlink:href=\"#rating_star_star_38b8409a-1770-4aae-8d37-d8af460b4e3c\" x=\"84\" y=\"0\" class=\"star_ratings__part\"></use><use xlink:href=\"#rating_star_star_38b8409a-1770-4aae-8d37-d8af460b4e3c\" x=\"112\" y=\"0\" class=\"star_ratings__part\"></use></svg>\n<span itemprop='ratingCount'>\n3\n</span>\n</span>\n<span class='picks_car_card_spec' itemprop='vehicleModelDate'>\n2010\n</span>\n<span class='picks_car_card_spec'>\n<span itemprop='vehicleSeatingCapacity'>\n4\n</span>\nSitze\n</span>\n</div>\n\n</div>\n","186870":"<div class='js_mini_car_card mini_car_card'>\n<div class='mini_car_card_photos_container' style='background-image:url(&#39;https://drivy.imgix.net/uploads/originals/2bc2536f457ea01e4bb23ed31496aaf4.jpeg?auto=format%2Cenhance%2Ccompress&amp;crop=focalpoint&amp;dpr=1&amp;fit=crop&amp;fp-x=0.425531914893617&amp;fp-y=0.4&amp;h=210&amp;w=410&#39;);'>\n<div class='mini_car_card_user_photo'>\n<img alt=\"Jochen B.\" width=\"20\" height=\"20\" srcset=\"https://d2y2masl4rtrav.cloudfront.net/packs/images/placeholders/user/shaped_xs-283dca0eb799f41ef88313e8c42c1e0e.png 1x, https://d2y2masl4rtrav.cloudfront.net/packs/images/placeholders/user/shaped_xs@2x-ad1cbb7521087afc981d8038a29c20b5.png 2x\" src=\"https://d2y2masl4rtrav.cloudfront.net/packs/images/placeholders/user/shaped_xs-283dca0eb799f41ef88313e8c42c1e0e.png\" />\n</div>\n</div>\n<div class='mini_car_card_header'>\n<div class='mini_car_card_title picks_car_card_title js_mini_car_card_title'>\nVW Passat\n</div>\n<div class='mini_car_card_price'>\n<strong>\n&nbsp;: 38 €\n</strong>\nGesamtpreis\n</div>\n</div>\n<div class='picks_car_card_characteristics'>\n<span class='picks_car_card_spec' itemprop='vehicleModelDate'>\n2013\n</span>\n<span class='picks_car_card_spec'>\n<span itemprop='vehicleSeatingCapacity'>\n5\n</span>\nSitze\n</span>\n</div>\n\n</div>\n","389588":"<div class='js_mini_car_card mini_car_card'>\n<div class='mini_car_card_photos_container' style='background-image:url(&#39;https://drivy.imgix.net/uploads/originals/08a31959d634950312ea1af219f3889d.jpeg?auto=format%2Cenhance%2Ccompress&amp;crop=focalpoint&amp;dpr=1&amp;fit=crop&amp;fp-x=0.648533007334963&amp;fp-y=0.472&amp;h=210&amp;w=410&#39;);'>\n<div class='mini_car_card_user_photo'>\n<img alt=\"Georgi F.\" width=\"20\" height=\"20\" srcset=\"https://d2y2masl4rtrav.cloudfront.net/packs/images/placeholders/user/shaped_xs-283dca0eb799f41ef88313e8c42c1e0e.png 1x, https://d2y2masl4rtrav.cloudfront.net/packs/images/placeholders/user/shaped_xs@2x-ad1cbb7521087afc981d8038a29c20b5.png 2x\" src=\"https://d2y2masl4rtrav.cloudfront.net/packs/images/placeholders/user/shaped_xs-283dca0eb799f41ef88313e8c42c1e0e.png\" />\n</div>\n</div>\n<div class='mini_car_card_header'>\n<div class='mini_car_card_title picks_car_card_title js_mini_car_card_title'>\nMercedes CLK-Klasse Cabriolet\n</div>\n<div class='mini_car_card_price'>\n<strong>\n&nbsp;: 28 €\n</strong>\nGesamtpreis\n</div>\n</div>\n<div class='picks_car_card_proba_warning'>\nAnnahmerate: sehr niedrig\n</div>\n\n</div>\n"}}