﻿{
"Innenstadt-Ost":160.12,
"Nordstadt":267.31,
"Innenstadt-West":240.32,
"Südstadt":220.49,
"Südweststadt":296.65,
"Weststadt":172.51,
"Nordweststadt":375.90,
"Oststadt":518.59,
"Mühlburg":526.41,
"Knielingen":2064.28,
"Daxlanden":1092.08,
"Grünwinkel":440.91,
"Oberreut":242.21,
"Weiherfeld-Dammerstock":304.19,
"Rüppurr":702.68,
"Rintheim":332.90,
"Hagsfeld":717.62,
"Grötzingen":1133.58,
"Stupferich":649.99,
"Hohenwettersbach":413.14,
"Wolfartsweier":200.58,
"Grünwettersbach":603.49,
"Palmbach":137.50,
"Neureut":1917.76,
"Durlach":2294.12,
"Waldstadt":1035.38,
"Beiertheim-Bulach":285.52
}