{
"Innenstadt-Ost":1675,
"Südstadt":6533,
"Innenstadt-West":3650,
"Südweststadt":7961,
"Weststadt":7423,
"Nordweststadt":5162,
"Oststadt":8324,
"Mühlburg":7371,
"Knielingen":6447,
"Daxlanden":6021,
"Grünwinkel":6627,
"Oberreut":3718,
"Beiertheim-Bulach":3746,
"Rüppurr":5547,
"Weiherfeld-Dammerstock":2842,
"Waldstadt":5183,
"Rintheim":3146,
"Hagsfeld":3740,
"Durlach":16888,
"Grötzingen":5585,
"Stupferich":1936,
"Hohenwettersbach":1688,
"Wolfartsweier":1761,
"Grünwettersbach":2505,
"Palmbach":1200,
"Neureut":10039,
"Nordstadt":3973
}