[{"id":"4e446b754d44457a4d6a6733587a67754e4445324d7a6731664735316247773d","geoPosition":{"latitude":49.013287,"longitude":8.416385},"places":[{"id":"2255","provId":"8","name":"KIT-Straße-am-Forum","geoPosition":{"latitude":49.0132872,"longitude":8.416385651},"isFixed":true,"cityId":"52","bookeeIds":["6958","6946","10150"],"remarks":[{"id":"51001","provId":"8","name":"Station","subject":"Station","severity":73,"infoType":[],"contentType":"text/html","content":"<p>Die Station befindet sich auf dem Universitätsgelände in der Straße-am-Forum, zwischen Mensa und Sportinstitut, vor dem Institutsgebäude MVM (Gebäude 30.70). Die Stellplätze sind markiert und beschildert.</p>\n\n<p>Eine Parkkarte zum Öffnen der Schranke am Eingangsbereich der Universität liegt im Fahrzeug.</p>\n\n<p>Zugangssystem = Am Fahrzeug</p>\n\n<p>Straßenbahn-Haltestelle = Durlacher Tor</p>\n\n<p>Angaben für Navigationsgeräte = Straße-am-Forum Gebäude 30.70</p>\n\n<p>Bitte benutzen Sie ausschließlich die markierten Stellplätze von stadtmobil. Während der Buchungszeit dürfen keine anderen Fahrzeuge (Autos, Motorräder, Roller, Fahrräder, etc.) auf diesen Stellplätzen abgestellt werden. Strafzettel und Abschleppkosten gehen zu Lasten des Verursachers.</p>\n","validity":{"start":null,"end":null},"contentSize":762,"created":"2019-10-02T13:38:52+02:00","lastChanged":"2019-10-07T09:56:57+02:00"},{"id":"22021","provId":"8","name":"Foto 1","subject":"Foto 1","severity":81,"infoType":[],"contentType":"image/jpeg","reference":"https://de1.cantamen.de/dynamic_assets/public/b45c1648-afbe-76d2-d9f1-df2f8472f0a6/remarks/22021.jpg","validity":{"start":null,"end":null},"contentSize":190785,"created":"2012-04-26T14:17:38+02:00","lastChanged":"2017-11-07T13:53:35+01:00"},{"id":"41892","provId":"8","name":"EWI3","subject":"EWI3","severity":100,"infoType":["MARKETING"],"contentType":"image/jpeg","reference":"https://de1.cantamen.de/dynamic_assets/public/b45c1648-afbe-76d2-d9f1-df2f8472f0a6/remarks/41892.jpg","validity":{"start":"2018-01-30T00:00:00+01:00","end":null},"contentSize":58407,"created":"2018-01-30T14:48:30+01:00","lastChanged":"2018-01-30T14:48:30+01:00"},{"id":"22012","provId":"8","name":"Standort","subject":"Standort","severity":71,"infoType":[],"contentType":"image/png","reference":"https://de1.cantamen.de/dynamic_assets/public/b45c1648-afbe-76d2-d9f1-df2f8472f0a6/remarks/22012.png","validity":{"start":null,"end":null},"contentSize":59319,"created":"2012-04-25T14:10:33+02:00","lastChanged":"2018-02-01T00:25:35+01:00"},{"id":"22022","provId":"8","name":"Foto 2","subject":"Foto 2","severity":83,"infoType":[],"contentType":"image/jpeg","reference":"https://de1.cantamen.de/dynamic_assets/public/b45c1648-afbe-76d2-d9f1-df2f8472f0a6/remarks/22022.jpg","validity":{"start":null,"end":null},"contentSize":191247,"created":"2012-04-26T14:18:03+02:00","lastChanged":"2018-02-01T00:25:36+01:00"}],"address":{"street":"Straße am Forum","streetNr":"null","postalCode":"76131","city":"Karlsruhe","country":"DE"},"distance":313.14566070219615}],"distance":313.14},{"id":"4e446b754d44457a4f446b77587a67754e4449774e446b31664735316247773d","geoPosition":{"latitude":49.013890,"longitude":8.420495},"places":[{"id":"3797","provId":"8","name":"Fasanengarten","geoPosition":{"latitude":49.01389,"longitude":8.420495},"isFixed":true,"cityId":"52","bookeeIds":["12830","12874","12822","14422","13016","15563","12823","12848"],"remarks":[{"id":"38187","provId":"8","name":"Standort","subject":"Standort","severity":71,"infoType":[],"contentType":"image/jpeg","reference":"https://de1.cantamen.de/dynamic_assets/public/b45c1648-afbe-76d2-d9f1-df2f8472f0a6/remarks/38187.jpg","validity":{"start":null,"end":null},"contentSize":116979,"created":"2017-02-22T11:05:37+01:00","lastChanged":"2018-11-21T15:56:25+01:00"},{"id":"38188","provId":"8","name":"Station","subject":"Station","severity":73,"infoType":[],"contentType":"text/html","content":"<p>Die Station befindet sich in der Parkgarage \"Am Fasanengarten\".</p>\n\n<p>Es stehen zwölf Stellplätze zur Verfügung.<br />\nBitte nutzen Sie ausschließlich die beschilderten Stellplätze Nr. 36 - 41 und 53 bis 58. Diese befinden sich gegenüber der Tür zum Treppenhaus auf der Rückseite der Frauenparkplätze.<br />\nDer Zugang erfolgt über das Treppenhaus zur Tiefgarage, dieser ist mit einem stadtmobil-Doppelschild an der Laterne gekennzeichnet.<br />\nDer Schlüsseltresor befindet sich im Treppenhaus vor der Tür zur Tiefgarage.</p>\n\n<p>Der Ausgang zum Schlüsseltresor liegt direkt neben Stellplatz-Nummer 3.</p>\n\n<p>Zugangssystem = Schlüsseltresor<br />\nStraßenbahn-Haltestelle = Durlacher Tor<br />\nAngaben für Navigationsgeräte = Am Fasanengarten in 76131 Karlsruhe</p>\n\n","validity":{"start":null,"end":null},"contentSize":773,"created":"2017-02-22T11:12:20+01:00","lastChanged":"2019-12-10T08:00:54+01:00"},{"id":"38400","provId":"8","name":"Foto 1","subject":"Foto 1","severity":81,"infoType":["MARKETING"],"contentType":"image/jpeg","reference":"https://de1.cantamen.de/dynamic_assets/public/b45c1648-afbe-76d2-d9f1-df2f8472f0a6/remarks/38400.jpg","validity":{"start":null,"end":null},"contentSize":44868,"created":"2017-03-16T17:13:04+01:00","lastChanged":"2019-12-10T08:00:59+01:00"},{"id":"38402","provId":"8","name":"Foto 3","subject":"Foto 3","severity":83,"infoType":[],"contentType":"image/jpeg","reference":"https://de1.cantamen.de/dynamic_assets/public/b45c1648-afbe-76d2-d9f1-df2f8472f0a6/remarks/38402.jpg","validity":{"start":null,"end":null},"contentSize":60612,"created":"2017-03-16T17:13:50+01:00","lastChanged":"2019-12-10T08:01:11+01:00"},{"id":"38401","provId":"8","name":"Foto 2","subject":"Foto 2","severity":82,"infoType":[],"contentType":"image/jpeg","reference":"https://de1.cantamen.de/dynamic_assets/public/b45c1648-afbe-76d2-d9f1-df2f8472f0a6/remarks/38401.jpg","validity":{"start":null,"end":null},"contentSize":33657,"created":"2017-03-16T17:13:32+01:00","lastChanged":"2019-12-10T08:01:04+01:00"}],"address":{"street":"Am Fasanengarten","streetNr":"5","postalCode":"76131","city":"Karlsruhe","country":"DE"},"distance":486.8923620781621}],"distance":486.89},{"id":"4e446b754d4445784e444130587a67754e4445784e545531664735316247773d","geoPosition":{"latitude":49.011404,"longitude":8.411555},"places":[{"id":"2842","provId":"8","name":"KIT-Engesser-Straße","geoPosition":{"latitude":49.0114049,"longitude":8.41155551},"isFixed":true,"cityId":"52","bookeeIds":["9236"],"remarks":[{"id":"32555","provId":"8","name":"Station","subject":"Station","severity":73,"infoType":[],"contentType":"text/html","content":"<p>Die Station befindet sich dem Parkplatz in der Engesserstraße in Sichtweite zum Gerthsen-Hörsaal auf der anderen Straßenseite.<br />\nDer Parkplatz ist auf der Rückseite des Gebäudes 'Bauphysik', das zu Englerstraße 7 gehört.<br />\nDer Stellplatz ist mit einem großen 'stadtmobil'-Schild gekennzeichnet.<br />\nEine Parkkarte zum Öffnen der Schranke am Eingangsbereich der Universität liegt im Fahrzeug.</p>\n\n<p>Zugangssystem = Am Fahrzeug<br />\nStraßenbahn-Haltestelle = Kronenplatz<br />\nAngaben für Navigationsgeräte = Englerstraße 7 in 76131 Karlsruhe</p>\n\n<p>Bitte benutzen Sie ausschließlich die markierten Stellplätze von stadtmobil.<br />\nWährend der Buchungszeit dürfen keine anderen Fahrzeuge (Autos, Motorräder, Roller, Fahrräder, etc.) auf diesen Stellplätzen abgestellt werden. Strafzettel und Abschleppkosten gehen zu Lasten des&nbsp;Verursachers.</p>\n","validity":{"start":null,"end":null},"contentSize":867,"created":"2015-10-07T13:46:32+02:00","lastChanged":"2019-10-07T09:58:13+02:00"},{"id":"28596","provId":"8","name":"Standort","subject":"Standort","severity":72,"infoType":[],"contentType":"image/png","reference":"https://de1.cantamen.de/dynamic_assets/public/b45c1648-afbe-76d2-d9f1-df2f8472f0a6/remarks/28596.png","validity":{"start":"2014-08-26T00:00:00+02:00","end":null},"contentSize":37038,"created":"2014-08-26T12:05:40+02:00","lastChanged":"2018-02-01T00:26:46+01:00"},{"id":"28151","provId":"8","name":"Foto 2","subject":"Foto 2","severity":83,"infoType":[],"contentType":"image/jpeg","reference":"https://de1.cantamen.de/dynamic_assets/public/b45c1648-afbe-76d2-d9f1-df2f8472f0a6/remarks/28151.jpg","validity":{"start":null,"end":null},"contentSize":56478,"created":"2014-06-18T14:11:49+02:00","lastChanged":"2018-02-01T00:26:46+01:00"},{"id":"28150","provId":"8","name":"Foto 1","subject":"Foto 1","severity":81,"infoType":[],"contentType":"image/jpeg","reference":"https://de1.cantamen.de/dynamic_assets/public/b45c1648-afbe-76d2-d9f1-df2f8472f0a6/remarks/28150.jpg","validity":{"start":null,"end":null},"contentSize":49944,"created":"2014-06-18T14:11:32+02:00","lastChanged":"2017-11-07T14:02:13+01:00"},{"id":"41925","provId":"8","name":"EWI3","subject":"EWI3","severity":100,"infoType":["MARKETING"],"contentType":"image/jpeg","reference":"https://de1.cantamen.de/dynamic_assets/public/b45c1648-afbe-76d2-d9f1-df2f8472f0a6/remarks/41925.jpg","validity":{"start":"2018-01-31T00:00:00+01:00","end":null},"contentSize":62562,"created":"2018-01-31T16:16:43+01:00","lastChanged":"2018-01-31T16:16:43+01:00"}],"address":{"street":"Engesserstraße","streetNr":"9","postalCode":"76131","city":"Karlsruhe","country":"DE"},"distance":537.0509407255164}],"distance":537.05},{"id":"4e446b754d4445784d6a4d33587a67754e4449774d446332664735316247773d","geoPosition":{"latitude":49.011237,"longitude":8.420076},"places":[{"id":"1257","provId":"8","name":"Hansjakobstraße","geoPosition":{"latitude":49.0112371,"longitude":8.42007637},"isFixed":true,"cityId":"52","bookeeIds":["5976","5143","5030"],"remarks":[{"id":"6887","provId":"8","name":"Standort","subject":"Standort","severity":71,"infoType":[],"contentType":"image/png","reference":"https://de1.cantamen.de/dynamic_assets/public/b45c1648-afbe-76d2-d9f1-df2f8472f0a6/remarks/6887.png","validity":{"start":"2008-01-18T00:00:00+01:00","end":"2100-12-31T00:00:00+01:00"},"contentSize":147357,"created":"2008-01-18T14:24:26+01:00","lastChanged":"2019-01-09T01:40:18+01:00"},{"id":"51028","provId":"8","name":"Station","subject":"Station","severity":73,"infoType":[],"contentType":"text/html","content":"<p>Die Station befindet sich in der Hansjakobstraße, Ecke Hölderlinstraße. Es gibt keine fest zugeordneten Plätze. Parken Sie möglichst auf den Stellplätzen mit 1. Priorität (siehe Zeichnung).</p>\n\n<p>Zugangssystem = Am Fahrzeug</p>\n\n<p>Straßenbahn-Haltestelle = Durlacher Tor</p>\n\n<p>Angaben für Navigationsgeräte = Hölderlinstraße 2 in 76131 Karlsruhe</p>\n","validity":{"start":null,"end":null},"contentSize":358,"created":"2019-10-07T12:08:57+02:00","lastChanged":"2019-12-10T08:50:14+01:00"},{"id":"6889","provId":"8","name":"Foto 2","subject":"Foto 2","severity":81,"infoType":["MARKETING"],"contentType":"image/jpeg","reference":"https://de1.cantamen.de/dynamic_assets/public/b45c1648-afbe-76d2-d9f1-df2f8472f0a6/remarks/6889.jpg","validity":{"start":"2008-01-18T00:00:00+01:00","end":"2100-12-31T00:00:00+01:00"},"contentSize":158268,"created":"2008-01-18T14:30:30+01:00","lastChanged":"2019-12-10T08:50:24+01:00"}],"address":{"street":"Hölderlinstraße","streetNr":"2B","postalCode":"76131","city":"Karlsruhe","country":"DE"},"distance":651.989587490829}],"distance":651.98},{"id":"4e446b754d4445354e7a4d77587a67754e4449784e545530664735316247773d","geoPosition":{"latitude":49.019730,"longitude":8.421554},"places":[{"id":"538","provId":"8","name":"Klosterweg","geoPosition":{"latitude":49.01973,"longitude":8.421554},"isFixed":true,"cityId":"52","bookeeIds":["5051","6380"],"remarks":[{"id":"41917","provId":"8","name":"EWI3","subject":"EWI3","severity":100,"infoType":["MARKETING"],"contentType":"image/jpeg","reference":"https://de1.cantamen.de/dynamic_assets/public/b45c1648-afbe-76d2-d9f1-df2f8472f0a6/remarks/41917.jpg","validity":{"start":"2018-01-31T00:00:00+01:00","end":null},"contentSize":108792,"created":"2018-01-31T15:45:34+01:00","lastChanged":"2018-01-31T15:45:34+01:00"},{"id":"50971","provId":"8","name":"Station","subject":"Station","severity":73,"infoType":[],"contentType":"text/html","content":"<p>Die Station befindet sich vor dem Studentenwohnheim \"HaDiKo\" am Klosterweg 28. Auf dem Gelände des Studentenwohnheim neben dem Zebrastreifen auf Platz 31 steht das Fahrzeug.</p>\n\n<p>Von der Bushaltestelle gehen Sie auf das Gelände des HaDiKo - der erste Platz rechts ist Platz 31.</p>\n\n<p>Zugangssystem = Am Fahrzeug</p>\n\n<p>Straßenbahn-Haltestelle =</p>\n\n<p>Angaben für Navigationsgeräte = Klosterweg 28 in 76131 Karlsruhe</p>\n\n<p>Bitte benutzen Sie ausschließlich die markierten Stellplätze von stadtmobil. Während der Buchungszeit dürfen keine anderen Fahrzeuge (Autos, Motorräder, Roller, Fahrräder, etc.) auf diesen Stellplätzen abgestellt werden. Strafzettel und Abschleppkosten gehen zu Lasten des Verursachers.</p>\n","validity":{"start":null,"end":null},"contentSize":726,"created":"2019-10-01T09:26:47+02:00","lastChanged":"2019-11-19T13:09:35+01:00"},{"id":"50972","provId":"8","name":"Problem (S112)","subject":"Notfalltelefon","severity":61,"infoType":[],"contentType":"text/html","content":"P: HaDiKo: Karl-Heinz Witu K3 H 303: xxxxx","validity":{"start":null,"end":null},"contentSize":42,"created":"2019-10-01T09:27:45+02:00","lastChanged":"2019-10-01T09:28:26+02:00"},{"id":"2271","provId":"8","name":"Foto 2","subject":"Foto 2","severity":82,"infoType":[],"contentType":"image/jpeg","reference":"https://de1.cantamen.de/dynamic_assets/public/b45c1648-afbe-76d2-d9f1-df2f8472f0a6/remarks/2271.jpg","validity":{"start":"2004-07-15T00:00:00+02:00","end":"2100-12-31T00:00:00+01:00"},"contentSize":165063,"created":"2004-07-13T20:02:31+02:00","lastChanged":"2017-11-07T13:21:58+01:00"},{"id":"2272","provId":"8","name":"Standort","subject":"Standort","severity":71,"infoType":[],"contentType":"image/png","reference":"https://de1.cantamen.de/dynamic_assets/public/b45c1648-afbe-76d2-d9f1-df2f8472f0a6/remarks/2272.png","validity":{"start":"2004-07-15T00:00:00+02:00","end":"2100-12-31T00:00:00+01:00"},"contentSize":150156,"created":"2004-07-13T20:02:42+02:00","lastChanged":"2018-09-28T07:52:18+02:00"},{"id":"2270","provId":"8","name":"Foto 1","subject":"Foto 1","severity":81,"infoType":["MARKETING"],"contentType":"image/jpeg","reference":"https://de1.cantamen.de/dynamic_assets/public/b45c1648-afbe-76d2-d9f1-df2f8472f0a6/remarks/2270.jpg","validity":{"start":"2004-07-15T00:00:00+02:00","end":"2100-12-31T00:00:00+01:00"},"contentSize":176529,"created":"2004-07-13T20:02:22+02:00","lastChanged":"2017-12-07T14:21:29+01:00"}],"address":{"street":"Klosterweg","streetNr":"28G","postalCode":"76131","city":"Karlsruhe","country":"DE"},"distance":673.36085535104}],"distance":673.36},{"id":"4e446b754d4441354e7a6b77587a67754e4445314f444935664735316247773d","geoPosition":{"latitude":49.009790,"longitude":8.415829},"places":[{"id":"542","provId":"8","name":"Universität","geoPosition":{"latitude":49.00979,"longitude":8.41583},"isFixed":true,"cityId":"52","bookeeIds":["5052"],"remarks":[{"id":"41891","provId":"8","name":"EWI3","subject":"EWI3","severity":100,"infoType":["MARKETING"],"contentType":"image/jpeg","reference":"https://de1.cantamen.de/dynamic_assets/public/b45c1648-afbe-76d2-d9f1-df2f8472f0a6/remarks/41891.jpg","validity":{"start":"2018-01-30T00:00:00+01:00","end":null},"contentSize":71118,"created":"2018-01-30T14:45:26+01:00","lastChanged":"2018-01-30T14:45:26+01:00"},{"id":"2259","provId":"8","name":"Foto 2","subject":"Foto 2","severity":82,"infoType":[],"contentType":"image/jpeg","reference":"https://de1.cantamen.de/dynamic_assets/public/b45c1648-afbe-76d2-d9f1-df2f8472f0a6/remarks/2259.jpg","validity":{"start":"2004-07-15T00:00:00+02:00","end":"2100-12-31T00:00:00+01:00"},"contentSize":46203,"created":"2004-07-13T20:00:33+02:00","lastChanged":"2018-02-01T00:26:20+01:00"},{"id":"50780","provId":"8","name":"Problem (S126)","subject":"Notfalltelefon","severity":61,"infoType":[],"contentType":"text/html","content":"0721/608-6229","validity":{"start":null,"end":null},"contentSize":13,"created":"2019-09-17T09:48:51+02:00","lastChanged":"2019-09-17T09:49:19+02:00"},{"id":"2258","provId":"8","name":"Foto 1","subject":"Foto 1","severity":81,"infoType":[],"contentType":"image/jpeg","reference":"https://de1.cantamen.de/dynamic_assets/public/b45c1648-afbe-76d2-d9f1-df2f8472f0a6/remarks/2258.jpg","validity":{"start":"2004-07-15T00:00:00+02:00","end":"2100-12-31T00:00:00+01:00"},"contentSize":50799,"created":"2004-07-13T20:00:23+02:00","lastChanged":"2017-11-07T13:22:16+01:00"},{"id":"2260","provId":"8","name":"Standort","subject":"Standort","severity":71,"infoType":[],"contentType":"image/png","reference":"https://de1.cantamen.de/dynamic_assets/public/b45c1648-afbe-76d2-d9f1-df2f8472f0a6/remarks/2260.png","validity":{"start":"2004-07-15T00:00:00+02:00","end":"2100-12-31T00:00:00+01:00"},"contentSize":143109,"created":"2004-07-13T20:00:43+02:00","lastChanged":"2018-02-01T00:26:19+01:00"},{"id":"50779","provId":"8","name":"Station","subject":"Station","severity":73,"infoType":[],"contentType":"text/html","content":"<p>Die Station befindet auf dem Unigelände in der Nähe des \"Alten Stadions\".</p>\n\n<p>Der Stellplatz befindet sich auf dem Parkplatz beim Otto-Ammann-Platz, vor dem alten Gebäude der Bauingenieure. Bei Wegfahrt klappen Sie bitte den Poller hoch, damit niemand den Stellplatz besetzen kann. Der Poller ist mit dem am Fahrzeugschlüssel befindlichen Schlüssel aufschließbar.</p>\n\n<p>Eine Parkkarte zum Öffnen der Schranke am Eingangsbereich der Universität liegt im Fahrzeug.</p>\n\n<p>Zugangssystem = Am Fahrzeug</p>\n\n<p>Straßenbahn-Haltestelle = Durlacher Tor</p>\n\n<p>Angaben für Navigationsgeräte = Otto-Ammann-Platz</p>\n\n<p>Bitte benutzen Sie ausschließlich die markierten Stellplätze von stadtmobil. Während der Buchungszeit dürfen keine anderen Fahrzeuge (Autos, Motorräder, Roller, Fahrräder, etc.) auf diesen Stellplätzen abgestellt werden. Strafzettel und Abschleppkosten gehen zu Lasten des Verursachers.</p>\n","validity":{"start":null,"end":null},"contentSize":913,"created":"2019-09-17T09:46:56+02:00","lastChanged":"2019-09-17T09:47:44+02:00"}],"address":{"street":"null","streetNr":"null","postalCode":"76131","city":"Karlsruhe","country":"DE"},"distance":677.6302488085587}],"distance":677.63},{"id":"4e446b754d4445794e444d35587a67754e4449794f446b78664735316247773d","geoPosition":{"latitude":49.012439,"longitude":8.422891},"places":[{"id":"369","provId":"8","name":"Parkstraße","geoPosition":{"latitude":49.01244,"longitude":8.422892},"isFixed":true,"cityId":"52","bookeeIds":["5069","5151"],"remarks":[{"id":"2548","provId":"8","name":"Standort","subject":"Standort","severity":71,"infoType":[],"contentType":"image/png","reference":"https://de1.cantamen.de/dynamic_assets/public/b45c1648-afbe-76d2-d9f1-df2f8472f0a6/remarks/2548.png","validity":{"start":"2004-07-15T00:00:00+02:00","end":"2100-12-31T00:00:00+01:00"},"contentSize":150567,"created":"2004-07-13T20:56:13+02:00","lastChanged":"2017-11-21T14:04:49+01:00"},{"id":"2546","provId":"8","name":"Foto 1","subject":"Foto 1","severity":81,"infoType":["MARKETING"],"contentType":"image/jpeg","reference":"https://de1.cantamen.de/dynamic_assets/public/b45c1648-afbe-76d2-d9f1-df2f8472f0a6/remarks/2546.jpg","validity":{"start":"2004-07-15T00:00:00+02:00","end":"2100-12-31T00:00:00+01:00"},"contentSize":30141,"created":"2004-07-13T20:55:53+02:00","lastChanged":"2017-12-07T14:07:46+01:00"},{"id":"50861","provId":"8","name":"Station","subject":"Station","severity":73,"infoType":[],"contentType":"text/html","content":"<p>Die Station befindet sich in der Parkstraße. Es gibt keinen festen Stellplatz. Geparkt wird in der Parkstraße (auf beiden Seiten) im Bereich zwischen Karl-Wilhelm-Platz und Edelsheimstraße.</p>\n\n<p>Sollte es vorkommen, dass in der Parkstraße einmal nicht geparkt werden kann, stellen Sie das Auto in der Schönfeld- bzw. Edelsheimstraße ab.</p>\n\n<p>Teilen Sie den Standort des Fahrzeuges dem stadtmobil-Büro mit.</p>\n\n<p>Zugangssystem = Am Fahrzeug</p>\n\n<p>Straßenbahn-Haltestelle = Karl-Wilhelm-Platz</p>\n\n<p>Angaben für Navigationsgeräte = Parkstraße 56 in 76131 Karlsruhe</p>\n","validity":{"start":null,"end":null},"contentSize":581,"created":"2019-09-24T09:49:24+02:00","lastChanged":"2019-09-24T09:49:41+02:00"}],"address":{"street":"Parkstraße","streetNr":"46","postalCode":"76131","city":"Karlsruhe","country":"DE"},"distance":718.5678468748339}],"distance":718.56},{"id":"4e446b754d4445774e7a4535587a67754e4441344d6a5979664735316247773d","geoPosition":{"latitude":49.010719,"longitude":8.408262},"places":[{"id":"4438","provId":"8","name":"Zirkel","geoPosition":{"latitude":49.010719,"longitude":8.408263},"isFixed":true,"cityId":"52","bookeeIds":["14888"],"remarks":[{"id":"46850","provId":"8","name":"Station","subject":"Station","severity":72,"infoType":[],"contentType":"text/html","content":"Die 2 Stellplätze befinden sich im Innenhof von Haus Nr. 3, Ecke Waldhornstraße.<br />\nDie Einfahrt ist mit zwei Pollern versehen. Bitte öffnen Sie die Poller mit einem Dreikantschlüssel. Dieser befindet sich in der Seitentür auf der Fahrerseite.<br />\n<b>Der Poller muss immer hochgestellt werden.</b><br />\n<b>Bitte legen Sie den Schlüssel immer in die Seitentür zurück.</b><br />\nDie Stellplätze sind für stadtmobil reserviert und beschildert.<br />\nZugangssystem = Am Fahrzeug<br />\nStraßenbahn-Haltestelle = Kronenplatz<br />\nAngaben für Navigationsgeräte = Zirkel 3, 76133 Karlsruhe<br />\n<br />\nBitte benutzen Sie ausschließlich die markierten Stellplätze von stadtmobil.<br />\nWährend der Buchungszeit dürfen keine anderen Fahrzeuge (Autos, Motorräder, Roller, Fahrräder etc.) auf diesen Stellplätzen abgestellt werden.<br />\n<b>Parken Sie Ihr Fahrzeug NICHT auf den Privatparkplätzen der Anwohner!</b><br />\nStrafzettel und Abschleppkosten gehen zu Lasten des Verursachers.","validity":{"start":null,"end":null},"contentSize":982,"created":"2019-01-22T14:07:40+01:00","lastChanged":"2019-09-16T15:02:37+02:00"},{"id":"47015","provId":"8","name":"Standort","subject":"Standort","severity":71,"infoType":[],"contentType":"image/jpeg","reference":"https://de1.cantamen.de/dynamic_assets/public/b45c1648-afbe-76d2-d9f1-df2f8472f0a6/remarks/47015.jpg","validity":{"start":null,"end":null},"contentSize":96834,"created":"2019-01-30T11:16:27+01:00","lastChanged":"2019-01-30T11:16:27+01:00"},{"id":"47055","provId":"8","name":"Foto 3","subject":"Foto 3","severity":85,"infoType":[],"contentType":"image/jpeg","reference":"https://de1.cantamen.de/dynamic_assets/public/b45c1648-afbe-76d2-d9f1-df2f8472f0a6/remarks/47055.jpg","validity":{"start":null,"end":null},"contentSize":34836,"created":"2019-02-05T09:48:34+01:00","lastChanged":"2019-02-05T09:48:34+01:00"},{"id":"47054","provId":"8","name":"Foto 2","subject":"Foto 2","severity":83,"infoType":[],"contentType":"image/jpeg","reference":"https://de1.cantamen.de/dynamic_assets/public/b45c1648-afbe-76d2-d9f1-df2f8472f0a6/remarks/47054.jpg","validity":{"start":null,"end":null},"contentSize":49011,"created":"2019-02-05T09:40:05+01:00","lastChanged":"2019-02-05T09:40:05+01:00"},{"id":"47053","provId":"8","name":"Foto 1","subject":"Foto 1","severity":81,"infoType":[],"contentType":"image/jpeg","reference":"https://de1.cantamen.de/dynamic_assets/public/b45c1648-afbe-76d2-d9f1-df2f8472f0a6/remarks/47053.jpg","validity":{"start":null,"end":null},"contentSize":45699,"created":"2019-02-05T09:39:42+01:00","lastChanged":"2019-02-05T09:39:42+01:00"}],"address":{"street":"Zirkel","streetNr":"3","postalCode":"76133","city":"Karlsruhe","country":"DE"},"distance":729.2048857541013}],"distance":729.2},{"id":"4e446b754d4441344f445577587a67754e4441354f446734664735316247773d","geoPosition":{"latitude":49.008850,"longitude":8.409888},"places":[{"id":"354","provId":"8","name":"Kronenplatz","geoPosition":{"latitude":49.00885,"longitude":8.409889},"isFixed":true,"cityId":"52","bookeeIds":["8767","5227","13202","5456","5420","5013","5285","5275","5085","5130"],"remarks":[{"id":"2559","provId":"8","name":"Standort","subject":"Standort","severity":71,"infoType":[],"contentType":"image/jpeg","reference":"https://de1.cantamen.de/dynamic_assets/public/b45c1648-afbe-76d2-d9f1-df2f8472f0a6/remarks/2559.jpg","validity":{"start":"2004-07-15T00:00:00+02:00","end":"2100-12-31T00:00:00+01:00"},"contentSize":107031,"created":"2004-07-13T20:58:25+02:00","lastChanged":"2017-12-05T15:54:29+01:00"},{"id":"2557","provId":"8","name":"Foto 1","subject":"Foto 1","severity":81,"infoType":["MARKETING"],"contentType":"image/jpeg","reference":"https://de1.cantamen.de/dynamic_assets/public/b45c1648-afbe-76d2-d9f1-df2f8472f0a6/remarks/2557.jpg","validity":{"start":"2004-07-15T00:00:00+02:00","end":"2100-12-31T00:00:00+01:00"},"contentSize":161319,"created":"2004-07-13T20:58:00+02:00","lastChanged":"2017-12-07T14:03:48+01:00"},{"id":"38228","provId":"8","name":"Foto 3","subject":"Foto 3","severity":85,"infoType":[],"contentType":"image/jpeg","reference":"https://de1.cantamen.de/dynamic_assets/public/b45c1648-afbe-76d2-d9f1-df2f8472f0a6/remarks/38228.jpg","validity":{"start":null,"end":null},"contentSize":48993,"created":"2017-03-08T16:44:58+01:00","lastChanged":"2017-12-05T15:54:29+01:00"},{"id":"50887","provId":"8","name":"Station","subject":"Station","severity":73,"infoType":[],"contentType":"text/html","content":"<p>Die Station befindet sich in der Tiefgarage am Kronenplatz.<br />\nAn der Ecke Kaiserstraße / Fritz-Erler-Straße befindet sich ein rotes Gebäude. Wenn man den Fuß-und Radweg der Fritz-Erler-Straße entlang des Gebäudes geht kommt rechts die Einfahrt zur&nbsp;Tiefgarage.</p>\n\n<p><strong>Über der Einfahrt steht \"Kaiserstraße\"</strong></p>\n\n<p>Der Tresor befindet sich in der Tiefgarageneinfahrt vor dem Rolltor links auf einem Mauervorsprung (nicht sichtbar).<br />\nDie Einfahrt in die Tiefgarage ist über die Fritz-Erler-Straße möglich. <strong>In der Ebene 1 sind die Stellplätze 15-22 und 42-45 reserviert und markiert.</strong> Die Stellplätze befinden sich gleich rechts neben der&nbsp;Einfahrt und in der Reihe dahinter an der Wand. Bitte unbedingt nur dort parken.<br />\nDie Tiefgarage ist tagsüber mit einer Schranke und nachts mit einem Rolltor gesichert. Sowohl Rolltor als auch die Schranke werden mit einer Dauerparkkarte, die sich im Fahrzeug befindet, geöffnet.<br />\nVor der Rampe steht ein Kartenlesegerät zum Öffnen des Rolltores. Vor der Schranke ist ein Kartenlesegerät für die Schranke.<br />\n<br />\nDie Parkkarte muss vor das Lesegerät gehalten werden. Die Karte muss IMMER zur Aus- und Einfahrt benutzt werden, auch wenn die Schranke offen sein sollte. Wird dies nicht gemacht, wird dem Verursacher ein Technikereinsatz berechnet. Öffnungszeiten 06:00 bis 02:00 Einfahrt jederzeit möglich.</p>\n\n<p>Zugangssystem = Tresor</p>\n\n<p>Straßenbahn-Haltestelle = Kronenplatz</p>\n\n<p>Angaben für Navigationsgeräte = Fritz-Erler-Straße 1 in 76133</p>\n\n<p>Karlsruhe Bitte benutzen Sie ausschließlich die markierten Stellplätze von stadtmobil. Während der Buchungszeit dürfen keine anderen Fahrzeuge (Autos, Motorräder, Roller, Fahrräder, etc.) auf diesen Stellplätzen abgestellt werden. Strafzettel und Abschleppkosten gehen zu Lasten des Verursachers.</p>\n","validity":{"start":null,"end":null},"contentSize":1869,"created":"2019-09-24T14:20:00+02:00","lastChanged":"2019-09-24T14:20:00+02:00"}],"address":{"street":"Kaiserstraße","streetNr":"89","postalCode":"76133","city":"Karlsruhe","country":"DE"},"distance":846.2226722727852}],"distance":846.22},{"id":"4e446b754d4445794e545135587a67754e4449314d545935664735316247773d","geoPosition":{"latitude":49.012549,"longitude":8.425169},"places":[{"id":"886","provId":"8","name":"Technologiefabrik Haid-und-Neu-Str","geoPosition":{"latitude":49.01255,"longitude":8.425169},"isFixed":true,"cityId":"52","bookeeIds":["5435","5320","5287","5397","5343","9080"],"remarks":[{"id":"5598","provId":"8","name":"Foto 2","subject":"Foto 2","severity":82,"infoType":[],"contentType":"image/jpeg","reference":"https://de1.cantamen.de/dynamic_assets/public/b45c1648-afbe-76d2-d9f1-df2f8472f0a6/remarks/5598.jpg","validity":{"start":"2006-10-04T00:00:00+02:00","end":"2100-12-31T00:00:00+01:00"},"contentSize":143622,"created":"2006-10-04T13:40:42+02:00","lastChanged":"2018-10-22T19:06:39+02:00"},{"id":"5600","provId":"8","name":"Standort","subject":"Standort","severity":71,"infoType":[],"contentType":"image/png","reference":"https://de1.cantamen.de/dynamic_assets/public/b45c1648-afbe-76d2-d9f1-df2f8472f0a6/remarks/5600.png","validity":{"start":"2006-10-04T00:00:00+02:00","end":"2100-12-31T00:00:00+01:00"},"contentSize":114531,"created":"2006-10-05T08:02:32+02:00","lastChanged":"2018-10-22T19:06:39+02:00"},{"id":"5599","provId":"8","name":"Foto 1","subject":"Foto 1","severity":81,"infoType":["MARKETING"],"contentType":"image/jpeg","reference":"https://de1.cantamen.de/dynamic_assets/public/b45c1648-afbe-76d2-d9f1-df2f8472f0a6/remarks/5599.jpg","validity":{"start":"2006-10-04T00:00:00+02:00","end":"2100-12-31T00:00:00+01:00"},"contentSize":22986,"created":"2006-10-05T08:00:54+02:00","lastChanged":"2017-12-07T14:29:27+01:00"},{"id":"50786","provId":"8","name":"Station","subject":"Station","severity":73,"infoType":[],"contentType":"text/html","content":"<p>Die Station befindet sich auf dem Gelände der Technologiefabrik in der Haid- und Neu Straße 7 (Nähe Brauerrei Hoepfner).</p>\n\n<p>Der Tresor befindet sich links vom Eingang an der Hauswand. Die Fahrzeuge werden auf den mit stadtmobil gekennzeichneten Parkplätzen geparkt. Zur Einfahrt bitte die Parkkarte benutzen. Bei der Ausfahrt öffnet die Schranke automatisch sobald ein Fahrzeug davorsteht. Die Parkkarte bitte immer im Fahrzeug lassen!</p>\n\n<p>Zugangssystem = Tresor</p>\n\n<p>Straßenbahn-Haltestelle = Karl-Wilhelm-Platz</p>\n\n<p>Angaben für Navigationsgeräte = Haid- und Neu Straße 7 in Karlsruhe</p>\n\n<p>Bitte benutzen Sie ausschließlich die markierten Stellplätze von stadtmobil. Während der Buchungszeit dürfen keine anderen Fahrzeuge (Autos, Motorräder, Roller, Fahrräder, etc.) auf diesen Stellplätzen abgestellt werden. Strafzettel und Abschleppkosten gehen zu Lasten des Verursachers.</p>\n","validity":{"start":null,"end":null},"contentSize":903,"created":"2019-09-17T10:08:22+02:00","lastChanged":"2019-09-17T10:08:22+02:00"}],"address":{"street":"Haid-und-Neu-Straße","streetNr":"7","postalCode":"76131","city":"Karlsruhe","country":"DE"},"distance":859.6459750994566}],"distance":859.64}]