﻿{
"Innenstadt-Ost":6832,
"Nordstadt":9866,
"Innenstadt-West":10597,
"Südstadt":20848,
"Südweststadt":21315,
"Weststadt":20806,
"Nordweststadt":11804,
"Oststadt":21072,
"Mühlburg":17376,
"Knielingen":11041,
"Daxlanden":11823,
"Grünwinkel":11500,
"Oberreut":9619,
"Weiherfeld-Dammerstock":6084,
"Rüppurr":10889,
"Rintheim":6457,
"Hagsfeld":7308,
"Grötzingen":9266,
"Stupferich":2897,
"Hohenwettersbach":3059,
"Wolfartsweier":3138,
"Grünwettersbach":4087,
"Palmbach":2017,
"Neureut":19193,
"Durlach":31165,
"Waldstadt":12646,
"Beiertheim-Bulach":7089
}